StartDate,EndDate,Status,IPAddress,Progress,Duration__in_seconds_,Finished,RecordedDate,ResponseId,RecipientLastName,RecipientFirstName,RecipientEmail,ExternalReference,LocationLatitude,LocationLongitude,DistributionChannel,UserLanguage,Q1,David_1,David_2,David_3,David_4,David_5,David_6,David_7,David_8,David_9,David_10,David_11,David_12,David_13,David_14,David_15,David_16,David_17,David_18,David_19,David_20,David_21,David_22,David_23,David_24,David_25,David_26,David_27,David_28,David_29,David_30,David_31,David_32,David_33,David_34,David_35,David_36,David_37,David_38,David_39,David_40,David_41,David_DO_1,David_DO_2,David_DO_3,David_DO_4,David_DO_5,David_DO_6,David_DO_7,David_DO_8,David_DO_9,David_DO_10,David_DO_11,David_DO_12,David_DO_13,David_DO_14,David_DO_15,David_DO_16,David_DO_17,David_DO_18,David_DO_19,David_DO_20,David_DO_21,David_DO_22,David_DO_23,David_DO_24,David_DO_25,David_DO_26,David_DO_27,David_DO_28,David_DO_29,David_DO_30,David_DO_31,David_DO_32,David_DO_33,David_DO_34,David_DO_35,David_DO_36,David_DO_37,David_DO_38,David_DO_39,David_DO_40,David_DO_41,Sarah_1,Sarah_2,Sarah_3,Sarah_4,Sarah_5,Sarah_6,Sarah_7,Sarah_8,Sarah_9,Sarah_10,Sarah_11,Sarah_12,Sarah_13,Sarah_14,Sarah_15,Sarah_16,Sarah_17,Sarah_18,Sarah_19,Sarah_20,Sarah_21,Sarah_22,Sarah_23,Sarah_24,Sarah_25,Sarah_26,Sarah_27,Sarah_28,Sarah_29,Sarah_30,Sarah_31,Sarah_32,Sarah_33,Sarah_34,Sarah_35,Sarah_36,Sarah_37,Sarah_38,Sarah_39,Sarah_40,Sarah_41,Sarah_DO_1,Sarah_DO_2,Sarah_DO_3,Sarah_DO_4,Sarah_DO_5,Sarah_DO_6,Sarah_DO_7,Sarah_DO_8,Sarah_DO_9,Sarah_DO_10,Sarah_DO_11,Sarah_DO_12,Sarah_DO_13,Sarah_DO_14,Sarah_DO_15,Sarah_DO_16,Sarah_DO_17,Sarah_DO_18,Sarah_DO_19,Sarah_DO_20,Sarah_DO_21,Sarah_DO_22,Sarah_DO_23,Sarah_DO_24,Sarah_DO_25,Sarah_DO_26,Sarah_DO_27,Sarah_DO_28,Sarah_DO_29,Sarah_DO_30,Sarah_DO_31,Sarah_DO_32,Sarah_DO_33,Sarah_DO_34,Sarah_DO_35,Sarah_DO_36,Sarah_DO_37,Sarah_DO_38,Sarah_DO_39,Sarah_DO_40,Sarah_DO_41,gender,age,Q10_1,Q10_2,Q10_3,Q10_4,Q10_5,Q10_6,Q10_7,employed,FT_years,FL_5_DO_David,FL_5_DO_Sarah
9/10/19 16:15,9/10/19 16:15,1, ,100,4,1,9/10/19 16:15,R_1diPWFLHZRNQEKc, , , , ,51.52679443,-0.18699646,preview,EN,2, , , , , , , , , , , , , , , , , , , , , , , , , , , , , , , , , , , , , , , , , , , , , , , , , , , , , , , , , , , , , , , , , , , , , , , , , , , , , , , , , , , , , , , , , , , , , , , , , , , , , , , , , , , , , , , , , , , , , , , , , , , , , , , , , , , , , , , , , , , , , , , , , , , , , , , , , , , , , , , , , , , , , , , , , , , , , , , , , 
9/10/19 16:16,9/10/19 16:16,1, ,100,9,1,9/10/19 16:16,R_324naiXiMABA9S4, , , , ,51.52679443,-0.18699646,preview,EN,2, , , , , , , , , , , , , , , , , , , , , , , , , , , , , , , , , , , , , , , , , , , , , , , , , , , , , , , , , , , , , , , , , , , , , , , , , , , , , , , , , , , , , , , , , , , , , , , , , , , , , , , , , , , , , , , , , , , , , , , , , , , , , , , , , , , , , , , , , , , , , , , , , , , , , , , , , , , , , , , , , , , , , , , , , , , , , , , , , 
9/10/19 16:16,9/10/19 16:17,1, ,100,12,1,9/10/19 16:17,R_xiqxWMzgbhyVEEp, , , , ,51.52679443,-0.18699646,preview,EN,1, , , , , , , , , , , , , , , , , , , , , , , , , , , , , , , , , , , , , , , , , ,8,26,28,31,21,36,27,37,9,2,16,5,11,14,24,35,13,3,40,22,34,19,33,30,25,23,20,15,7,41,17,10,1,18,4,6,29,39,12,32,38, , , , , , , , , , , , , , , , , , , , , , , , , , , , , , , , , , , , , , , , , , , , , , , , , , , , , , , , , , , , , , , , , , , , , , , , , , , , , , , , , , , , , , , , , , , , , ,1, 
9/10/19 16:40,9/10/19 16:40,0,131.93.174.24,100,45,1,9/10/19 16:40,R_2arGB4fQa2xHAgW, , , , ,45.22019958,-93.96379852,anonymous,EN,1,3,4,2,5,5,4,5,3,3,5,4,2,4,3,3,3,6,5,4,5,3,4,3,3,3,4,3,4,5,4,3,4,5,5,4,4,4,5,5,5,5,4,19,5,2,13,21,23,18,25,28,38,1,40,14,39,7,9,3,8,30,37,10,20,34,22,31,27,41,15,33,12,32,35,29,6,24,16,36,11,26,17, , , , , , , , , , , , , , , , , , , , , , , , , , , , , , , , , , , , , , , , , , , , , , , , , , , , , , , , , , , , , , , , , , , , , , , , , , , , , , , , , , ,2,25, , , , ,1, , ,1,4,1, 
9/10/19 16:39,9/10/19 16:41,0,66.142.195.201,100,95,1,9/10/19 16:41,R_SZTv6kihC300SNb, , , , ,34.77999878,-96.69239807,anonymous,EN,1,7,7,7,7,7,7,7,7,7,7,7,7,7,7,7,7,1,1,1,1,1,1,1,1,1,1,1,1,1,1,2,1,1,4,4,4,4,4,4,4,4,34,20,22,10,30,25,37,6,1,35,12,39,29,36,24,15,18,14,5,28,4,9,2,27,13,21,23,19,33,31,7,11,3,38,8,26,32,40,17,41,16, , , , , , , , , , , , , , , , , , , , , , , , , , , , , , , , , , , , , , , , , , , , , , , , , , , , , , , , , , , , , , , , , , , , , , , , , , , , , , , , , , ,1,42, , , , ,1, , ,1,19,1, 
9/10/19 16:39,9/10/19 16:41,0,131.93.146.161,100,116,1,9/10/19 16:41,R_1LiEHBgA3uq0OLP, , , , ,46.46380615,-90.15879822,anonymous,EN,1, , , , , , , , , , , , , , , , , , , , , , , , , , , , , , , , , , , , , , , , , , , , , , , , , , , , , , , , , , , , , , , , , , , , , , , , , , , , , , , , , , ,6,6,6,6,6,6,6,6,6,6,6,6,6,6,6,6,2,2,2,2,3,2,2,2,2,2,2,2,2,2,2,2,2,4,4,4,4,4,4,4,4,13,41,15,18,14,5,1,39,11,21,2,24,38,19,23,37,17,34,16,10,31,29,22,36,6,25,12,4,3,33,26,7,32,35,20,9,27,30,8,40,28,1,25, , , , ,1, , ,1,8, ,1
9/10/19 16:39,9/10/19 16:41,0,71.234.233.198,100,107,1,9/10/19 16:41,R_3R4brCFzKPIm4qy, , , , ,41.31860352,-72.93019867,anonymous,EN,1,7,7,6,7,7,7,7,7,7,7,7,7,7,7,6,7,1,2,1,1,4,2,1,1,1,1,1,1,1,1,2,1,1,4,4,4,4,4,4,4,5,8,9,35,16,34,7,20,25,21,22,5,37,24,23,31,15,32,4,14,38,30,13,18,36,10,33,27,40,29,19,26,11,17,3,12,6,41,2,1,28,39, , , , , , , , , , , , , , , , , , , , , , , , , , , , , , , , , , , , , , , , , , , , , , , , , , , , , , , , , , , , , , , , , , , , , , , , , , , , , , , , , , ,1,28, , , ,1, , , ,1,8,1, 
9/10/19 16:39,9/10/19 16:41,0,208.93.129.19,100,127,1,9/10/19 16:41,R_2xK4oXklfEDbaJ2, , , , ,33.5644989,-111.8900986,anonymous,EN,1,6,5,5,6,6,6,6,6,6,6,6,7,5,7,6,7,1,3,1,2,3,2,3,3,2,1,2,3,2,2,2,2,2,4,4,4,4,4,4,4,4,5,27,14,2,30,4,28,11,13,26,41,23,9,8,12,3,24,18,32,16,20,39,38,21,10,34,29,35,25,33,15,36,31,19,22,40,37,6,17,7,1, , , , , , , , , , , , , , , , , , , , , , , , , , , , , , , , , , , , , , , , , , , , , , , , , , , , , , , , , , , , , , , , , , , , , , , , , , , , , , , , , , ,1,23, , , , ,1, , ,1,3,1, 
9/10/19 16:39,9/10/19 16:41,0,71.77.253.184,100,111,1,9/10/19 16:41,R_3rH59fnkQpMSkHz, , , , ,34.74189758,-77.45760345,anonymous,EN,1, , , , , , , , , , , , , , , , , , , , , , , , , , , , , , , , , , , , , , , , , , , , , , , , , , , , , , , , , , , , , , , , , , , , , , , , , , , , , , , , , , ,5,5,4,5,4,5,5,5,5,4,5,5,5,5,5,5,3,3,3,3,3,3,3,3,3,2,3,3,3,3,4,3,3,4,4,4,4,4,4,4,4,2,3,28,22,27,16,20,8,29,26,37,9,25,33,32,15,19,14,39,36,21,10,18,24,41,7,17,30,31,12,5,11,6,13,34,1,38,40,23,35,4,2,36, , , , ,1, , ,1,20, ,1
9/10/19 16:40,9/10/19 16:41,0,73.1.76.197,100,67,1,9/10/19 16:41,R_z6buIVR5IZjQg6Z, , , , ,26.92120361,-80.21440125,anonymous,EN,1, , , , , , , , , , , , , , , , , , , , , , , , , , , , , , , , , , , , , , , , , , , , , , , , , , , , , , , , , , , , , , , , , , , , , , , , , , , , , , , , , , ,3,5,5,5,2,6,4,2,4,2,6,4,5,5,2,5,5,4,4,2,3,3,6,3,3,6,5,3,4,3,2,6,4,4,6,2,6,5,4,2,4,36,17,6,28,30,27,26,16,12,35,34,19,21,31,37,10,38,32,7,9,29,5,33,22,15,41,3,1,11,8,14,18,40,39,13,2,4,24,25,23,20,1,26, , , , ,1, , ,1,6, ,1
9/10/19 16:39,9/10/19 16:41,0,68.230.60.217,100,138,1,9/10/19 16:41,R_1INkGyzwHnPCBNm, , , , ,32.21299744,-110.8279037,anonymous,EN,1,7,7,6,7,6,6,6,7,6,7,7,6,6,6,7,7,2,3,2,2,3,3,2,2,2,1,1,3,3,2,2,2,1,4,4,4,6,6,5,4,5,19,17,26,20,5,2,38,33,27,7,6,16,30,9,18,10,35,21,32,31,25,12,34,22,14,1,8,23,13,24,11,3,15,39,40,41,29,37,36,4,28, , , , , , , , , , , , , , , , , , , , , , , , , , , , , , , , , , , , , , , , , , , , , , , , , , , , , , , , , , , , , , , , , , , , , , , , , , , , , , , , , , ,1, , , , , ,1, , ,1,8,1, 
9/10/19 16:39,9/10/19 16:41,0,68.70.176.230,100,148,1,9/10/19 16:41,R_AO0cxjghBIRlWeJ, , , , ,41.64320374,-83.6753006,anonymous,EN,1,7,6,6,5,6,6,7,6,6,7,6,7,6,7,7,6,1,2,1,1,2,3,3,2,2,2,1,3,1,1,2,2,2,4,4,4,4,4,4,4,4,1,22,33,38,34,21,3,10,25,41,39,5,36,27,6,15,7,20,14,24,12,18,9,16,40,2,8,29,23,26,35,13,4,28,37,32,30,17,19,11,31, , , , , , , , , , , , , , , , , , , , , , , , , , , , , , , , , , , , , , , , , , , , , , , , , , , , , , , , , , , , , , , , , , , , , , , , , , , , , , , , , , ,1,42, , , , ,1, , ,1,19,1, 
9/10/19 16:39,9/10/19 16:42,0,172.58.223.228,100,151,1,9/10/19 16:42,R_O9ChDqVsEYNtfTH, , , , ,41.88600159,-71.34570313,anonymous,EN,1, , , , , , , , , , , , , , , , , , , , , , , , , , , , , , , , , , , , , , , , , , , , , , , , , , , , , , , , , , , , , , , , , , , , , , , , , , , , , , , , , , ,4,6,5,6,7,5,6,7,5,5,4,6,5,4,6,6,2,3,3,3,4,2,3,6,2,2,5,6,3,6,2,5,3,4,4,4,4,4,4,6,6,32,37,1,17,36,12,14,7,21,25,23,6,4,19,31,2,16,26,30,29,10,8,18,3,28,24,11,5,35,13,22,41,38,40,20,39,9,34,33,27,15,1,35, , , , ,1, , , ,9, ,1
9/10/19 16:39,9/10/19 16:42,0,97.81.164.197,100,153,1,9/10/19 16:42,R_3oYdXy72ymiWLsL, , , , ,36.17320251,-85.45359802,anonymous,EN,1, , , , , , , , , , , , , , , , , , , , , , , , , , , , , , , , , , , , , , , , , , , , , , , , , , , , , , , , , , , , , , , , , , , , , , , , , , , , , , , , , , ,6,6,5,6,6,6,5,6,6,7,6,7,6,6,6,6,2,3, ,2,3,6,3,3,2,2,1,3,2,2,2,4,2,4,4,4,6,4,4,4,3,13,38,17,15,36,39,32,23,30,11,25,2,7,12,8,9,27,19,20,28,26,37,41,3,6,18,1,4,16,21,14,35,34,22,10,29,31,40,33,24,5,1,51, , , , ,1, , ,1,36, ,1
9/10/19 16:40,9/10/19 16:42,0,66.175.215.122,100,103,1,9/10/19 16:42,R_1DuteBxUHktnuUx, , , , ,40.82229614,-74.45690155,anonymous,EN,1,5,5,5,5,3,3,6,4,3,4,5,6,4,3,4,3,3,4,5,3,5,6,6,4,4,4,5,3,5,5,2,4,5,5,5,4,5,4,5,3,3,21,6,1,39,15,38,12,4,22,28,3,20,26,2,11,32,25,10,34,8,37,7,14,18,23,27,13,36,40,30,41,33,19,31,5,24,9,17,16,29,35, , , , , , , , , , , , , , , , , , , , , , , , , , , , , , , , , , , , , , , , , , , , , , , , , , , , , , , , , , , , , , , , , , , , , , , , , , , , , , , , , , ,1,30, , , , ,1, , ,1,7,1, 
9/10/19 16:39,9/10/19 16:42,0,67.51.218.132,100,147,1,9/10/19 16:42,R_O9abJynjCmJKREZ, , , , ,47.37980652,-122.289299,anonymous,EN,1,7,7,7,7,7,7,7,7,7,7,7,7,7,7,7,7,1,1,1,1,1,1,1,4,1,1,1,1,1,1,2,1,1,4,4,4,4,4,4,4,4,34,21,38,11,14,10,6,39,32,28,40,1,22,19,26,37,36,23,12,2,20,41,3,30,31,27,29,13,8,24,15,35,16,18,25,9,33,17,7,5,4, , , , , , , , , , , , , , , , , , , , , , , , , , , , , , , , , , , , , , , , , , , , , , , , , , , , , , , , , , , , , , , , , , , , , , , , , , , , , , , , , , ,1,41, , , , ,1, , ,1,19,1, 
9/10/19 16:41,9/10/19 16:42,0,174.59.5.207,100,40,1,9/10/19 16:42,R_3dDJiFTQNLRzJij, , , , ,40.58450317,-76.55000305,anonymous,EN,1, , , , , , , , , , , , , , , , , , , , , , , , , , , , , , , , , , , , , , , , , , , , , , , , , , , , , , , , , , , , , , , , , , , , , , , , , , , , , , , , , , ,4,4,4,4,4,4,4,4,4,4,4,4,4,4,4,4,4,4,4,4,4,4,4,4,4,4,4,4,4,4,4,4,4,4,4,4,4,4,4,4,4,23,31,11,28,24,22,33,18,29,9,19,1,39,41,26,37,15,8,3,25,2,6,30,32,14,13,35,5,4,10,34,21,16,12,38,17,27,7,20,40,36,1,26, , , , ,1, , ,1,7, ,1
9/10/19 16:39,9/10/19 16:42,0,172.91.4.169,100,175,1,9/10/19 16:42,R_BE4CCkM0yJb7F5L, , , , ,34.0881958,-118.3210983,anonymous,EN,1,7,7,5,5,7,6,7,7,7,7,7,7,7,7,7,7,1,1,2,2,2,2,2,2,2,1,1,3,1,2,2,3,2,4,4,4,4,4,4,4,4,1,15,32,21,22,39,17,16,18,3,9,34,36,4,40,41,11,38,25,8,7,30,19,26,5,29,31,24,37,27,10,13,28,33,2,35,6,23,12,20,14, , , , , , , , , , , , , , , , , , , , , , , , , , , , , , , , , , , , , , , , , , , , , , , , , , , , , , , , , , , , , , , , , , , , , , , , , , , , , , , , , , ,1,42, ,1, , , , , ,2,15,1, 
9/10/19 16:40,9/10/19 16:42,0,107.175.103.54,100,122,1,9/10/19 16:42,R_3stVCHGxUnJtBju, , , , ,42.88639832,-78.87809753,anonymous,EN,1, , , , , , , , , , , , , , , , , , , , , , , , , , , , , , , , , , , , , , , , , , , , , , , , , , , , , , , , , , , , , , , , , , , , , , , , , , , , , , , , , , ,7,7,7,6,6,6,6,6,5,7,5,6,7,7,7,7,5,6,7,7,7,6,7,7,5,6,7,7,5,7,2,7,6,7,6,7,6,7,6, ,7,39,3,36,14,17,38,31,24,25,2,40,20,29,32,22,23,18,4,41,21,37,1,19,33,9,11,30,15,7,10,5,26,8,28,27,6,34,16,12,35,13,2,28, , , ,1, , , ,1,5, ,1
9/10/19 16:41,9/10/19 16:42,0,172.93.128.2,100,89,1,9/10/19 16:42,R_xsImN4fC1d06Uxj, , , , ,41.88859558,-88.20220184,anonymous,EN,1,4,4,4,4,6,5,4,5,6,4,6,3,5,4,3,5,5,5,6,3,2,3,5,6,4,4,4,3,6,4,2,3,4,2,4,4,3,5,5,5,2,28,19,29,26,5,3,36,13,1,32,22,14,16,35,30,23,37,34,11,12,33,10,40,20,6,41,4,8,24,21,17,31,25,18,38,15,27,9,39,2,7, , , , , , , , , , , , , , , , , , , , , , , , , , , , , , , , , , , , , , , , , , , , , , , , , , , , , , , , , , , , , , , , , , , , , , , , , , , , , , , , , , ,2,25, , , , ,1, , ,1,2,1, 
9/10/19 16:39,9/10/19 16:42,0,73.194.199.39,100,185,1,9/10/19 16:42,R_31WTd1KpRH6pZlb, , , , ,39.75520325,-74.24700165,anonymous,EN,1,5,5,5,5,5,5,6,6,7,7,5,6,5,6,7,5,1,3,3,3,2,3,2,3,2,2,1,2,2,2,2,2,2,4,4,4,4,4,4,4,4,13,11,19,12,39,31,9,4,8,15,32,29,25,20,22,21,37,14,33,40,38,6,36,41,34,30,26,2,27,35,16,10,28,1,23,18,3,24,5,7,17, , , , , , , , , , , , , , , , , , , , , , , , , , , , , , , , , , , , , , , , , , , , , , , , , , , , , , , , , , , , , , , , , , , , , , , , , , , , , , , , , , ,1,45, , , , ,1, , ,1,22,1, 
9/10/19 16:40,9/10/19 16:42,0,144.92.38.239,100,165,1,9/10/19 16:42,R_3g6H1tfQs05yMDM, , , , ,43.0769043,-89.40940094,anonymous,EN,1,7,6,6,6,7,7,6,6,7,7,7,7,6,7,7,7,1,2,1,2,2,2,1,2,1,1,1,2,1,2,2,3,1,4,4,4,4,4,4,4,4,15,20,1,19,12,33,28,25,10,22,29,40,26,11,9,13,39,7,6,41,32,14,27,16,36,38,8,5,37,17,31,18,21,24,23,4,30,3,34,35,2, , , , , , , , , , , , , , , , , , , , , , , , , , , , , , , , , , , , , , , , , , , , , , , , , , , , , , , , , , , , , , , , , , , , , , , , , , , , , , , , , , ,1,37, , , , ,1, , ,1,10,1, 
9/10/19 16:39,9/10/19 16:42,0,71.237.59.12,100,186,1,9/10/19 16:42,R_2Swb203nt5yi7O4, , , , ,39.86759949,-104.9728012,anonymous,EN,1,7,7,6,6,7,7,7,7,7,7,7,7,6,7,7,7,1,2,1,2,1,2,2,2,2,1,1,2,1,1,2,2,1,4,4,4,4,4,4,4,4,16,19,33,39,37,3,22,26,18,40,28,13,6,41,12,14,15,20,5,32,7,2,27,30,10,29,36,25,21,9,8,24,1,31,17,35,4,11,23,34,38, , , , , , , , , , , , , , , , , , , , , , , , , , , , , , , , , , , , , , , , , , , , , , , , , , , , , , , , , , , , , , , , , , , , , , , , , , , , , , , , , , ,1,58, , , , ,1, , ,3,25,1, 
9/10/19 16:39,9/10/19 16:42,0,172.11.220.144,100,195,1,9/10/19 16:42,R_2aIvSN5CkiFIqPp, , , , ,39.64379883,-84.17430115,anonymous,EN,1,4,5,5,5,6,4,5,5,6,5,2,4,4,2,4,4,4,5,2,4,5,3,6,6,6,6,5,4,3,4,2,3,6,4,6,3,4,4,3,5,5,28,30,41,17,10,11,36,40,13,5,6,33,38,23,14,21,27,32,19,29,12,26,20,18,2,1,7,15,24,39,4,22,3,9,8,31,16,25,35,37,34, , , , , , , , , , , , , , , , , , , , , , , , , , , , , , , , , , , , , , , , , , , , , , , , , , , , , , , , , , , , , , , , , , , , , , , , , , , , , , , , , , ,1,37, , , , ,1, , ,1,16,1, 
9/10/19 16:39,9/10/19 16:42,0,69.180.36.43,100,178,1,9/10/19 16:42,R_2pQ4ETUNrawC8oR, , , , ,34.23190308,-84.16269684,anonymous,EN,1,7,7,6,6,6,7,7,6,7,6,6,7,6,7,7,6,1,1,2,2,2,2,1,2,1,1,1,2,1,1,2,1,2,4,4,4,4,4,4,4,2,20,21,18,36,29,40,12,38,22,31,11,14,3,6,34,33,8,32,37,15,24,39,2,26,9,16,5,1,27,17,4,13,10,7,23,19,25,30,41,35,28, , , , , , , , , , , , , , , , , , , , , , , , , , , , , , , , , , , , , , , , , , , , , , , , , , , , , , , , , , , , , , , , , , , , , , , , , , , , , , , , , , ,1,52, , ,1, , , , ,1,29,1, 
9/10/19 16:39,9/10/19 16:43,0,172.56.13.145,100,215,1,9/10/19 16:43,R_2ALI4p4kNO0J12U, , , , ,41.94500732,-87.79959869,anonymous,EN,1, , , , , , , , , , , , , , , , , , , , , , , , , , , , , , , , , , , , , , , , , , , , , , , , , , , , , , , , , , , , , , , , , , , , , , , , , , , , , , , , , , ,7,7,6,7,7,7,7,7,7,7,6,7,7,7,7,7,1,1,1,1,1,1,1,1,2,1,1,4,4,1,2,2,1,4,4,4,4,4,4,4,7,21,22,28,37,17,16,34,25,31,18,27,35,26,20,38,6,19,2,29,33,8,9,36,13,15,30,3,4,10,14,1,11,39,7,40,24,5,23,32,12,41,2,29, , , ,1, , , ,3,2, ,1
9/10/19 16:39,9/10/19 16:43,0,96.33.26.219,100,208,1,9/10/19 16:43,R_1M5JMovBALymv51, , , , ,36.33399963,-82.34390259,anonymous,EN,1, , , , , , , , , , , , , , , , , , , , , , , , , , , , , , , , , , , , , , , , , , , , , , , , , , , , , , , , , , , , , , , , , , , , , , , , , , , , , , , , , , ,5,4,5,4,6,6,6,5,6,6,7,6,7,6,6,5,1,3,2,3,4,3,1,3,2,3,1,2,1,2,2,6,2,4,4,4,4,4,4, ,4,28,20,16,13,10,37,9,12,25,32,1,34,3,38,40,31,26,41,30,15,21,11,5,18,35,17,8,7,4,23,29,22,6,39,33,14,2,27,19,24,36,1,28, , , , ,1, , ,2,5, ,1
9/10/19 16:39,9/10/19 16:43,0,99.203.14.193,100,220,1,9/10/19 16:43,R_2WAnrQmsJ6baTT8, , , , ,41.84829712,-87.65170288,anonymous,EN,1, , , , , , , , , , , , , , , , , , , , , , , , , , , , , , , , , , , , , , , , , , , , , , , , , , , , , , , , , , , , , , , , , , , , , , , , , , , , , , , , , , ,7,7,7,7,7,7,7,7,7,7,7,7,4,7,7,7,1,1,1,1,4,3,2,2,1,1,1,2,1,2,2,2,1,4,4,4,4,4,4,4,4,2,12,11,39,17,14,36,8,23,19,25,21,32,38,9,10,27,3,4,35,37,20,5,40,33,24,22,18,34,16,29,26,6,15,7,30,13,1,28,41,31,2,37, , , ,1, , , ,1,20, ,1
9/10/19 16:42,9/10/19 16:43,0,68.116.212.195,100,53,1,9/10/19 16:43,R_3g7rOoxf5c3Rgcl, , , , ,30.54179382,-89.69100189,anonymous,EN,1,6,5,4,4,5,7,4,5,7,7,7,6,4,5,7,7,4,5,7,4,5,7,6,5,5,4,7,5,5,6,6,6,7,7,7,7,4,5,4,6,6,3,25,8,22,5,13,2,16,27,9,10,21,15,11,32,4,20,28,24,6,34,35,17,19,26,36,38,30,7,39,33,31,14,18,23,29,37,41,40,12,1, , , , , , , , , , , , , , , , , , , , , , , , , , , , , , , , , , , , , , , , , , , , , , , , , , , , , , , , , , , , , , , , , , , , , , , , , , , , , , , , , , ,1,32, , , , ,1, , ,1,10,1, 
9/10/19 16:39,9/10/19 16:43,0,71.112.133.195,100,210,1,9/10/19 16:43,R_27WpeRKZmITLesG, , , , ,40.34779358,-79.86419678,anonymous,EN,1,7,7,7,7,7,7,7,7,7,7,7,7,7,7,7,7,1,4,1,1,1,3,2,2,1,1,1,3,1,3,2,3,2,4,4,4,4,4,4,4,4,31,39,1,6,27,14,11,25,21,12,26,15,23,4,18,5,41,17,28,24,29,3,32,35,34,22,19,7,2,38,13,37,20,36,8,16,9,30,40,10,33, , , , , , , , , , , , , , , , , , , , , , , , , , , , , , , , , , , , , , , , , , , , , , , , , , , , , , , , , , , , , , , , , , , , , , , , , , , , , , , , , , ,2,35, , , , ,1, , ,3,5,1, 
9/10/19 16:40,9/10/19 16:43,0,172.98.93.140,100,157,1,9/10/19 16:43,R_ezf1nIeyZ0PgGfD, , , , ,40.73800659,-73.9858017,anonymous,EN,1,7,7,7,7,7,7,7,7,7,7,7,7,7,7,7,7,1,1,1,1,1,1,1,1,1,1,1,1,1,1,2,1,1,4,4,4,4,4,4,4,4,13,41,8,26,39,21,35,7,22,1,14,2,19,31,16,6,33,9,10,40,25,30,15,4,27,36,5,20,12,3,38,28,23,37,11,34,32,29,18,17,24, , , , , , , , , , , , , , , , , , , , , , , , , , , , , , , , , , , , , , , , , , , , , , , , , , , , , , , , , , , , , , , , , , , , , , , , , , , , , , , , , , ,2,28, ,1, , , , , ,1,8,1, 
9/10/19 16:39,9/10/19 16:43,0,47.233.64.191,100,224,1,9/10/19 16:43,R_2ck3sgiQmh5RPVp, , , , ,38.99330139,-92.30780029,anonymous,EN,1, , , , , , , , , , , , , , , , , , , , , , , , , , , , , , , , , , , , , , , , , , , , , , , , , , , , , , , , , , , , , , , , , , , , , , , , , , , , , , , , , , ,7,6,5,6,7,6,6,6,6,6,7,6,6,4,7,5,1,3,2,3,4,2,1,2,4,1,1,3,3,1,2,3,2,6,4,4,6,5,5,5,4,32,12,21,31,35,24,7,15,17,34,28,8,29,25,13,30,11,38,41,16,14,9,4,10,33,18,23,36,39,20,22,6,2,3,40,37,1,26,27,5,19,1,26, , , ,1, , , ,2,7, ,1
9/10/19 16:41,9/10/19 16:43,0,66.176.215.114,100,102,1,9/10/19 16:43,R_3oR3gl7ByGjWQrM, , , , ,25.95620728,-80.18280029,anonymous,EN,1,7,7,7,7,7,7,7,7,7,7,7,7,7,7,7,7,1,1,1,1, ,1,1,1,1,1,1,1,1,7,2,1,1,7,7,7,7,7,7,7,7,13,31,3,37,29,1,34,32,22,38,24,28,25,41,20,35,8,9,4,2,10,40,21,14,26,7,36,33,39,5,30,17,27,12,15,6,11,19,18,23,16, , , , , , , , , , , , , , , , , , , , , , , , , , , , , , , , , , , , , , , , , , , , , , , , , , , , , , , , , , , , , , , , , , , , , , , , , , , , , , , , , , ,1,29, , ,1, , , , ,1,5,1, 
9/10/19 16:41,9/10/19 16:43,0,75.89.225.184,100,137,1,9/10/19 16:43,R_1rfFjXDb0kyKiWi, , , , ,35.08369446,-80.66459656,anonymous,EN,1,7,7,6,6,7,7,7,6,7,7,7,7,6,7,7,7,1,2,1,1,2,2,2,1,2,1,1,1,1,1,2,2,1,4,4,4,4,4,4,4,5,20,3,30,1,21,36,5,37,25,40,16,10,9,31,18,27,12,35,39,2,14,19,23,6,17,28,7,15,41,38,29,8,33,13,32,11,22,4,24,26,34, , , , , , , , , , , , , , , , , , , , , , , , , , , , , , , , , , , , , , , , , , , , , , , , , , , , , , , , , , , , , , , , , , , , , , , , , , , , , , , , , , ,1,44, , , , ,1, , ,1,28,1, 
9/10/19 16:41,9/10/19 16:43,0,74.70.75.116,100,135,1,9/10/19 16:43,R_2CvvALsuznEumwy, , , , ,42.72729492,-73.66960144,anonymous,EN,1, , , , , , , , , , , , , , , , , , , , , , , , , , , , , , , , , , , , , , , , , , , , , , , , , , , , , , , , , , , , , , , , , , , , , , , , , , , , , , , , , , ,7,7,7,7,7,7,7,7,1,7,7,7,7,7,7,7,1,1,1,1,3,1,1,1,1,1,1,3,1,1,2,1,1,4,4,4,4,4,4,4,4,36,40,4,17,24,21,25,29,1,31,20,12,23,18,7,19,14,15,3,28,5,27,8,34,41,2,11,13,38,22,9,35,37,26,32,6,16,10,33,30,39,1,65, , , , ,1, , ,1,46, ,1
9/10/19 16:39,9/10/19 16:43,0,24.35.177.177,100,232,1,9/10/19 16:43,R_3DuPdDAWcw9ZYpS, , , , ,37.94850159,-91.76029968,anonymous,EN,1,6,5,5,6,6,7,6,7,7,7,7,7,6,6,7,6,1,3,2,1,1,2,2,1,1,1,1,2,1,1,2,1,1,4,4,4,4,4,4,4,4,6,23,21,5,25,38,34,14,16,11,27,40,18,31,19,30,26,33,13,24,39,3,36,41,35,9,12,20,1,10,2,22,28,37,7,29,15,32,4,8,17, , , , , , , , , , , , , , , , , , , , , , , , , , , , , , , , , , , , , , , , , , , , , , , , , , , , , , , , , , , , , , , , , , , , , , , , , , , , , , , , , , ,2,34, , ,1, , , , ,1,13,1, 
9/10/19 16:41,9/10/19 16:43,0,207.188.177.30,100,110,1,9/10/19 16:43,R_dbztqxuFlFK0tLb, , , , ,47.60920715,-122.3314056,anonymous,EN,1,2,6,6,6,6,6,5,6,2,6,5,6,6,6,6,6,2,2,4,2,5,2,2,2,6,2,2,2,2,5,2,2,2,4,5,6,4,1,5,4,6,34,39,16,20,28,17,4,32,38,40,26,10,23,15,7,12,8,37,21,41,3,14,31,22,29,6,33,5,24,35,9,36,19,25,13,1,27,30,2,18,11, , , , , , , , , , , , , , , , , , , , , , , , , , , , , , , , , , , , , , , , , , , , , , , , , , , , , , , , , , , , , , , , , , , , , , , , , , , , , , , , , , ,1,28, , , , ,1, , ,1,5,1, 
9/10/19 16:40,9/10/19 16:43,0,65.60.89.50,100,169,1,9/10/19 16:43,R_XOrKhcPtyh01KQV, , , , ,33.7696991,-117.8905945,anonymous,EN,1, , , , , , , , , , , , , , , , , , , , , , , , , , , , , , , , , , , , , , , , , , , , , , , , , , , , , , , , , , , , , , , , , , , , , , , , , , , , , , , , , , ,5,6,7,5,6,6,6,6,6,7,6,6,6,6,6,7,1,5,1,2,3,3, ,3,2,2,2,3,2,2,2,3,3,4,4,6,4,4,4,4,4,40,39,32,27,41,26,14,7,31,2,28,29,3,17,23,9,15,11,25,35,24,34,5,18,4,37,38,16,1,20,13,21,19,6,33,10,8,22,36,30,12,1,38, , , , ,1, , ,1,15, ,1
9/10/19 16:42,9/10/19 16:43,0,196.17.64.47,100,80,1,9/10/19 16:43,R_ebNg8Ml9WnvdNkt, , , , ,34.05439758,-118.2440033,anonymous,EN,1, , , , , , , , , , , , , , , , , , , , , , , , , , , , , , , , , , , , , , , , , , , , , , , , , , , , , , , , , , , , , , , , , , , , , , , , , , , , , , , , , , ,6,5,5,6,5,6,6,6,6,6,5,6,7,7,6,7,7,6,6,5,6,6,6,7,5,5,7,6,5,6,6,5,5,6,7,5,7,6,7,6,7,18,17,21,36,30,5,26,40,34,1,35,33,37,2,16,6,23,8,28,7,12,10,31,14,39,13,27,24,25,22,29,4,9,20,41,15,32,3,11,38,19,1,58, , , , ,1, , ,1,20, ,1
9/10/19 16:41,9/10/19 16:44,0,24.180.227.25,100,148,1,9/10/19 16:44,R_2TKI8lGlHO0UWFF, , , , ,43.60549927,-84.77960205,anonymous,EN,1, , , , , , , , , , , , , , , , , , , , , , , , , , , , , , , , , , , , , , , , , , , , , , , , , , , , , , , , , , , , , , , , , , , , , , , , , , , , , , , , , , ,5,6,6,6,6,6,6,6,6,7,7,6,7,6,6,5,2,3,2,2,3,3,3,2,2,2,1,2,1,2,2,2,2,4,4,4,4,4,4,4,5,19,16,32,21,22,40,33,24,27,20,41,8,3,2,11,35,17,38,9,25,39,10,13,12,23,34,28,7,6,15,30,4,5,31,14,36,37,26,18,29,1,2,29, , , , ,1, , ,1,11, ,1
9/10/19 16:39,9/10/19 16:44,0,97.89.115.14,100,296,1,9/10/19 16:44,R_2VabeVOr6IOWg1q, , , , ,35.59620667,-81.0338974,anonymous,EN,1, , , , , , , , , , , , , , , , , , , , , , , , , , , , , , , , , , , , , , , , , , , , , , , , , , , , , , , , , , , , , , , , , , , , , , , , , , , , , , , , , , ,7,7,7,6,7,6,6,6,6,7,7,7,6,5,6,7,2,1,6,1,4,2,1,2,5,2,6,1,1,1,2,1,1,5,4,5,4,7,4,6,2,1,40,31,27,34,14,8,24,4,10,29,33,32,36,5,38,15,11,16,28,12,6,13,23,9,17,37,2,3,18,25,21,41,30,19,26,7,35,20,39,22,2,62, , , , ,1, , ,1,25, ,1
9/10/19 16:39,9/10/19 16:44,0,71.207.10.137,100,270,1,9/10/19 16:44,R_2D2kyvWjCY27i9D, , , , ,40.79570007,-77.86180115,anonymous,EN,1, , , , , , , , , , , , , , , , , , , , , , , , , , , , , , , , , , , , , , , , , , , , , , , , , , , , , , , , , , , , , , , , , , , , , , , , , , , , , , , , , , ,7,7,7,6,6,7,7,7,7,7,6,7,7,7,7,6,1,2,2,2,1,1,1,1,1,1,1,1,1,1,2,1,1,4,4,4,4,4,4,4,4,27,3,37,40,29,38,1,4,34,8,14,5,33,20,6,41,9,7,30,35,12,39,19,23,31,17,25,18,13,2,32,15,26,36,16,28,24,21,10,22,11,1,60, , , , ,1, , ,1,43, ,1
9/10/19 16:39,9/10/19 16:44,0,75.174.62.95,100,281,1,9/10/19 16:44,R_1g8w1IIL7OnxMYY, , , , ,43.63420105,-116.3410034,anonymous,EN,1, , , , , , , , , , , , , , , , , , , , , , , , , , , , , , , , , , , , , , , , , , , , , , , , , , , , , , , , , , , , , , , , , , , , , , , , , , , , , , , , , , ,5,6,6,5,5,6,5,5,7,6,6,6,6,6,6,5,5,5,5,5,6,5,6,6,6,6,6,5,5,5,2,6,5,5,5,6,5,6,5,5,5,20,5,17,14,39,2,4,34,9,21,30,38,31,35,32,26,29,40,33,41,37,18,27,23,22,28,8,12,7,13,6,1,19,11,16,10,24,15,36,25,3,1,35, , , , ,1, , ,1,6, ,1
9/10/19 16:39,9/10/19 16:44,0,71.217.33.233,100,298,1,9/10/19 16:44,R_2YVBue5RROXvOpV, , , , ,35.12939453,-78.89820099,anonymous,EN,1, , , , , , , , , , , , , , , , , , , , , , , , , , , , , , , , , , , , , , , , , , , , , , , , , , , , , , , , , , , , , , , , , , , , , , , , , , , , , , , , , , ,6,7,6,6,7,6,6,6,7,7,7,6,6,7,7,6,1,2,1,2,1,2,2,2,1,1,1,2,1,2,2,2,1,4,4,4,4,4,4,4,4,6,33,14,27,2,29,37,9,39,41,40,13,26,35,17,19,11,7,8,25,15,1,34,24,31,28,21,32,20,5,36,18,4,38,23,12,10,30,22,16,3,1,60, , , , ,1, , ,3,33, ,1
9/10/19 16:42,9/10/19 16:44,0,216.110.214.42,100,133,1,9/10/19 16:44,R_1jrAIYt6LYQroRe, , , , ,44.84809875,-123.1878967,anonymous,EN,1, , , , , , , , , , , , , , , , , , , , , , , , , , , , , , , , , , , , , , , , , , , , , , , , , , , , , , , , , , , , , , , , , , , , , , , , , , , , , , , , , , ,7,5,6,5,5,6,6,5,6,6,6,6,5,7,7,6,2,3,2,2,2,3,2,2,2,2,1,2,1,2,2,3,2,4,4,4,3,4,4,4,4,16,3,17,33,20,41,24,32,29,15,14,6,36,4,26,23,2,9,10,39,40,8,21,35,28,38,18,30,34,37,13,7,19,27,11,12,25,1,5,31,22,1,32, , , , ,1, , ,1,5, ,1
9/10/19 16:42,9/10/19 16:44,0,2.154.129.197,100,116,1,9/10/19 16:44,R_ssVCzQYLLrMx9i9, , , , ,40.41430664,-3.701599121,anonymous,EN,1,7,6,6,6,7,6,6,7,5,5,7,6,6,6,7,7,1,2,1,2,1,3,1,2,2,2,1,2,1,1,2,1,1,4,4,4,7,4,3,4,4,21,41,18,14,5,27,29,7,11,16,4,33,36,23,30,3,1,6,15,28,26,25,9,31,19,35,38,13,40,8,22,10,39,37,34,2,24,32,17,20,12, , , , , , , , , , , , , , , , , , , , , , , , , , , , , , , , , , , , , , , , , , , , , , , , , , , , , , , , , , , , , , , , , , , , , , , , , , , , , , , , , , ,2,28, , , ,1, , , ,1,9,1, 
9/10/19 16:42,9/10/19 16:44,0,76.180.67.64,100,120,1,9/10/19 16:44,R_1qeoKb5pBco4kgB, , , , ,42.92970276,-78.74340057,anonymous,EN,1,7,5,6,6,6,7,7,7,7,7,7,7,7,7,7,6,1,1,2,2,1,2,1,3,1,1,1,2,1,2,2,2,1,4,4,4,4,4,4,4,5,13,15,41,3,27,17,30,23,39,18,4,14,9,35,28,21,12,1,5,38,37,36,7,16,33,22,6,26,8,24,40,20,32,25,10,31,2,34,11,29,19, , , , , , , , , , , , , , , , , , , , , , , , , , , , , , , , , , , , , , , , , , , , , , , , , , , , , , , , , , , , , , , , , , , , , , , , , , , , , , , , , , ,1,30, , , , ,1, , ,1,12,1, 
9/10/19 16:43,9/10/19 16:44,0,73.173.103.253,100,108,1,9/10/19 16:44,R_2QGJNZPYH1vwfhI, , , , ,39.21240234,-76.87760162,anonymous,EN,1, , , , , , , , , , , , , , , , , , , , , , , , , , , , , , , , , , , , , , , , , , , , , , , , , , , , , , , , , , , , , , , , , , , , , , , , , , , , , , , , , , ,7,6,6,6,7,7,7,6,7,7,7,7,7,7,7,7,1,3,2,2,1,2,2,2,1,1,1,1,1,1,2,2,2,4,4,4,4,4,4,4,4,36,27,26,23,41,4,8,16,38,7,17,19,20,9,28,31,29,5,13,14,33,3,11,10,24,22,25,18,6,40,21,12,35,34,1,30,39,32,15,2,37,1,25, , , , ,1, , ,3,1, ,1
9/10/19 16:42,9/10/19 16:45,0,216.164.23.143,100,132,1,9/10/19 16:45,R_29aiYVafwoVMScg, , , , ,40.67010498,-75.49549866,anonymous,EN,1, , , , , , , , , , , , , , , , , , , , , , , , , , , , , , , , , , , , , , , , , , , , , , , , , , , , , , , , , , , , , , , , , , , , , , , , , , , , , , , , , , ,5,6,5,5,5,5,5,5,5,7,6,6,6,5,6,6,2,3,2,3,3,3,3,3,2,1,1,3,1,2,2,3,2,4,4,5,4,4,4,4,5,26,1,41,19,38,11,35,22,18,39,20,29,14,5,30,2,27,3,9,28,31,23,25,40,33,17,16,10,4,13,34,32,8,15,12,6,37,7,21,36,24,1,24, , , , ,1, , ,1,5, ,1
9/10/19 16:41,9/10/19 16:45,0,98.116.149.245,100,243,1,9/10/19 16:45,R_Og58Yw2GqmUhIFb, , , , ,40.59779358,-74.00009918,anonymous,EN,1, , , , , , , , , , , , , , , , , , , , , , , , , , , , , , , , , , , , , , , , , , , , , , , , , , , , , , , , , , , , , , , , , , , , , , , , , , , , , , , , , , ,5,5,5,5,7,7,7,7,6,7,6,7,6,7,7,6,1,1,2,2,1,2,1,2,1,1,1,1,2,1,2,2,2,4,4,4,4,4,4,4,5,24,21,35,29,11,19,39,10,41,23,32,30,9,6,27,17,38,26,40,12,25,13,37,36,15,14,33,4,16,31,20,5,28,8,22,1,7,2,34,18,3,1,33, ,1, , , , , ,1,11, ,1
9/10/19 16:43,9/10/19 16:45,0,73.119.218.69,100,120,1,9/10/19 16:45,R_2bTNNSTda9HYvZr, , , , ,43.01100159,-71.45709991,anonymous,EN,1, , , , , , , , , , , , , , , , , , , , , , , , , , , , , , , , , , , , , , , , , , , , , , , , , , , , , , , , , , , , , , , , , , , , , , , , , , , , , , , , , , ,6,6,5,5,6,6,6,6,7,7,7,7,5,7,7,6,1,1,1,1,2,2,3,2,1,1,1,2,2,2,2,2,1,4,4,4,4,4,4,4,4,21,2,18,40,30,26,6,34,3,16,12,28,27,22,20,17,15,10,39,37,29,25,31,23,4,7,8,24,13,33,36,38,5,1,35,19,11,41,32,9,14,2,36, , , , ,1, , ,1,15, ,1
9/10/19 16:42,9/10/19 16:45,0,12.195.73.250,100,205,1,9/10/19 16:45,R_3PvoTyVocUBfdHI, , , , ,36.10929871,-86.86530304,anonymous,EN,1, , , , , , , , , , , , , , , , , , , , , , , , , , , , , , , , , , , , , , , , , , , , , , , , , , , , , , , , , , , , , , , , , , , , , , , , , , , , , , , , , , ,5,6,5,6,6,6,6,6,5,5,6,6,6,6,6,6,2,2,2,3,3,3,3,3,3,3,3,3,3,2,2,3,3,4,4,4,4,4,4,4,4,26,1,17,23,16,24,19,8,39,31,13,3,36,28,25,9,10,32,30,5,40,22,35,20,37,38,7,15,6,29,14,12,18,33,27,21,34,11,2,41,4,1,40, , , , ,1, , ,1,19, ,1
9/10/19 16:42,9/10/19 16:45,0,173.48.108.199,100,184,1,9/10/19 16:45,R_3forR2W6sxzszqC, , , , ,42.69110107,-71.16049957,anonymous,EN,1, , , , , , , , , , , , , , , , , , , , , , , , , , , , , , , , , , , , , , , , , , , , , , , , , , , , , , , , , , , , , , , , , , , , , , , , , , , , , , , , , , ,4,5,4,2,2,4,2,5,5,5,5,6,5,6,6,3,3,5,3,5,5,4,4,2,2,3,5,3,2,3,2,6,4,4,6,5,3,6,3,2,4,5,19,20,35,25,24,22,28,29,7,1,10,41,15,21,27,30,32,37,12,36,26,17,40,38,13,8,6,31,33,9,23,11,34,3,14,2,4,18,16,39,1,36, , , , ,1, , ,1,14, ,1
9/10/19 16:42,9/10/19 16:46,0,75.177.104.109,100,234,1,9/10/19 16:46,R_3iPQBPanmu0p2zQ, , , , ,36.50019836,-80.61630249,anonymous,EN,1, , , , , , , , , , , , , , , , , , , , , , , , , , , , , , , , , , , , , , , , , , , , , , , , , , , , , , , , , , , , , , , , , , , , , , , , , , , , , , , , , , ,7,5,7,5,6,6,6,6,6,7,7,6,6,6,6,6,1,3,2,2,3,2,2,2,2,1,2,2,1,2,2,2,2,4,4,4,4,4,4,4,4,32,27,3,23,10,8,17,11,36,5,16,24,40,21,12,28,2,20,30,4,35,15,31,13,9,14,41,25,1,38,33,6,29,26,22,34,37,19,18,39,7,2,38, , , , ,1, , ,1,18, ,1
9/10/19 16:43,9/10/19 16:46,0,73.167.138.231,100,148,1,9/10/19 16:46,R_5iD48QrIxKLagRH, , , , ,43.61410522,-72.97080231,anonymous,EN,1, , , , , , , , , , , , , , , , , , , , , , , , , , , , , , , , , , , , , , , , , , , , , , , , , , , , , , , , , , , , , , , , , , , , , , , , , , , , , , , , , , ,6,6,6,6,7,7,7,7,7,7,7,7,7,7,7,7,1,2,1,2,2,2,1,2,1,1,1,1,1,1,2,1,1,4,4,4,4,4,4,4,4,21,19,7,35,25,40,14,27,18,1,30,31,6,20,37,28,11,8,29,22,36,16,15,26,32,5,24,41,17,2,13,33,10,9,23,3,12,4,38,34,39,2,29, , , ,1,1, , ,1,5, ,1
9/10/19 16:40,9/10/19 16:46,0,107.185.127.204,100,358,1,9/10/19 16:46,R_u9sNosQBomIPKfv, , , , ,33.96749878,-118.1464005,anonymous,EN,1, , , , , , , , , , , , , , , , , , , , , , , , , , , , , , , , , , , , , , , , , , , , , , , , , , , , , , , , , , , , , , , , , , , , , , , , , , , , , , , , , , ,7,7,7,7,7,7,7,7,7,7,7,7,7,7,7,7,1,1,2,1,1,2,1,1,1,1,1,1,1,1,2,1,1,4,4,4,3,4,4,6,4,31,7,32,17,14,15,22,25,2,19,3,11,9,12,16,36,29,23,4,10,13,18,27,6,8,40,26,28,39,41,5,38,33,21,20,30,35,37,24,1,34,1,27, , ,1, , , , ,1,4, ,1
9/10/19 16:40,9/10/19 16:46,0,47.42.25.218,100,339,1,9/10/19 16:46,R_3ewOfmRTxiZBxxh, , , , ,34.52510071,-82.63069916,anonymous,EN,1,6,6,6,7,4,7,1,1,1,1,6,6,2,1,7,3,3,1,5,5,3,6,6,7,2,6,5,4,7,3,2,7,5,6,6,6,5,6,6,6,7,20,27,22,6,1,21,17,23,2,32,15,38,36,31,29,9,5,18,7,40,37,28,34,25,24,30,39,41,12,13,19,14,33,4,35,3,26,8,10,11,16, , , , , , , , , , , , , , , , , , , , , , , , , , , , , , , , , , , , , , , , , , , , , , , , , , , , , , , , , , , , , , , , , , , , , , , , , , , , , , , , , , ,1,26, , , , ,1, , ,1,9,1, 
9/10/19 16:39,9/10/19 16:46,0,73.199.117.11,100,416,1,9/10/19 16:46,R_3sANyWRci7MRW4R, , , , ,39.37730408,-74.61229706,anonymous,EN,1, , , , , , , , , , , , , , , , , , , , , , , , , , , , , , , , , , , , , , , , , , , , , , , , , , , , , , , , , , , , , , , , , , , , , , , , , , , , , , , , , , ,4,3,5,4,4,2,2,4,5,3,3,3,3,4,3,3,1,4,6,2,4,4,2,2,2,5,5,2,3,3,2,4,3,4,3,3,2,5,4,4,4,40,37,11,18,5,34,9,30,39,15,36,22,13,14,10,8,1,35,27,20,12,26,16,29,32,28,17,23,2,19,4,24,31,38,7,25,6,33,41,3,21,2,26, , , , ,1, , ,1,12, ,1
9/10/19 16:44,9/10/19 16:46,0,50.239.137.67,100,140,1,9/10/19 16:46,R_2dFnNBi2blJ6QME, , , , ,36.40280151,-97.86229706,anonymous,EN,1,6,4,6,5,6,5,6,6,6,4,6,6,5,4,7,5,6,6,6,7,5,5,6,4,7,6,5,5,6,5,2,4,6,5,4,5,5, ,6,5,5,3,8,41,38,40,10,2,33,23,11,22,6,19,17,16,21,7,34,13,15,5,25,20,1,35,36,9,31,28,18,30,24,12,29,37,14,39,4,27,32,26, , , , , , , , , , , , , , , , , , , , , , , , , , , , , , , , , , , , , , , , , , , , , , , , , , , , , , , , , , , , , , , , , , , , , , , , , , , , , , , , , , ,1,52, , ,1, , , , ,1,8,1, 
9/10/19 16:44,9/10/19 16:46,0,74.109.232.242,100,107,1,9/10/19 16:46,R_3IRmNyCScTUwpkF, , , , ,40.37750244,-79.96130371,anonymous,EN,1,7,6,6,5,7,7,7,7,7,7,6,7,7,6,7,6,1,3,2,2,2,2,2,2,1,2,1,3,2,2,2,1,2,4,4,4,4,4,4,4,4,25,38,15,26,3,8,30,1,39,2,27,21,31,36,18,24,32,12,33,14,22,16,6,10,19,28,20,34,41,40,13,7,37,23,5,17,35,4,11,9,29, , , , , , , , , , , , , , , , , , , , , , , , , , , , , , , , , , , , , , , , , , , , , , , , , , , , , , , , , , , , , , , , , , , , , , , , , , , , , , , , , , ,1,27, , , , ,1, , ,1,4,1, 
9/10/19 16:40,9/10/19 16:46,0,174.128.236.98,100,394,1,9/10/19 16:46,R_YRZjWir4WFTxCcp, , , , ,39.75010681,-104.995697,anonymous,EN,1, , , , , , , , , , , , , , , , , , , , , , , , , , , , , , , , , , , , , , , , , , , , , , , , , , , , , , , , , , , , , , , , , , , , , , , , , , , , , , , , , , ,5,6,5,5,7,6,7,6,7,7,6,7,5,7,7,6,1,2,2,2,2,1,3,3,1,1,1,2,3,2, ,1,2,4,4,4,4,4,4,4,4,31,26,37,22,13,18,36,32,10,2,9,29,41,34,33,4,19,15,27,38,7,25,14,1,3,6,28,20,8,12,24,35,16,17,11,21,40,5,39,30,23,1,25, , , , ,1, , ,1,5, ,1
9/10/19 16:43,9/10/19 16:47,0,50.239.137.55,100,212,1,9/10/19 16:47,R_2qaR2HbtHIA1o1J, , , , ,36.40280151,-97.86229706,anonymous,EN,1,1,5,2,4,4,2,5,3,5,4,4,4,5,4,4,2,2,1,3,5,4,4,4,4,5,3,3,5,4,5,4,1,4,5,3,2,3,4,4,2,2,8,20,22,32,5,36,28,38,27,25,33,24,40,7,19,37,16,29,10,13,4,18,39,23,21,17,31,35,34,14,6,15,11,26,2,30,3,12,41,9,1, , , , , , , , , , , , , , , , , , , , , , , , , , , , , , , , , , , , , , , , , , , , , , , , , , , , , , , , , , , , , , , , , , , , , , , , , , , , , , , , , , ,1,65, , , , ,1, , ,1,20,1, 
9/10/19 16:45,9/10/19 16:47,0,191.96.97.58,100,73,1,9/10/19 16:47,R_3e9x2ohBDaI87eC, , , , ,41.84829712,-87.65170288,anonymous,EN,1, , , , , , , , , , , , , , , , , , , , , , , , , , , , , , , , , , , , , , , , , , , , , , , , , , , , , , , , , , , , , , , , , , , , , , , , , , , , , , , , , , ,3,6,7,6,6,5,4,4,6,6,4,5,6,3,4,4,5,6,6,7,6,4,6,4,6,4,3,3,3,5,2,6,5,5,5,5,5,6,5,3,4,15,23,24,25,32,3,1,22,40,37,27,39,18,13,7,29,33,16,12,10,2,41,31,14,28,36,34,5,8,9,17,6,4,11,30,21,26,38,35,19,20,1,26, , , ,1, , , ,1,5, ,1
9/10/19 16:43,9/10/19 16:47,0,73.148.231.128,100,214,1,9/10/19 16:47,R_2WIRFJv2u2vqscI, , , , ,31.28039551,-81.53050232,anonymous,EN,1, , , , , , , , , , , , , , , , , , , , , , , , , , , , , , , , , , , , , , , , , , , , , , , , , , , , , , , , , , , , , , , , , , , , , , , , , , , , , , , , , , ,7,7,7,7,6,6,6,7,7,7,7,7,6,7,7,7,1,1,1,2,3,2,1,2,1,1,1,2,1,1,2,1,2,4,4,4,4,4,4,4,4,22,16,34,9,38,37,30,20,10,3,7,24,33,19,32,29,31,41,13,15,6,5,14,35,23,25,11,17,26,28,39,1,36,21,4,8,27,40,2,12,18,2,60, , , , ,1, , ,2,40, ,1
9/10/19 16:45,9/10/19 16:47,0,75.130.111.138,100,131,1,9/10/19 16:47,R_2ZVzCTIRXtswTLt, , , , ,42.20550537,-71.8391037,anonymous,EN,1,6,5,6,5,6,6,6,5,6,6,4,7,6,7,6,7,1,1,1,2,2,3,1,2,2,2,1,2,1,2,2,3,2,4,4,4,4,4,4,4,4,1,8,30,29,27,37,32,12,7,18,13,36,31,3,26,39,41,9,10,17,19,33,20,34,21,4,22,16,14,5,23,6,2,40,11,28,15,25,35,24,38, , , , , , , , , , , , , , , , , , , , , , , , , , , , , , , , , , , , , , , , , , , , , , , , , , , , , , , , , , , , , , , , , , , , , , , , , , , , , , , , , , ,2,36, , , , ,1, , ,2,10,1, 
9/10/19 16:39,9/10/19 16:47,0,69.62.136.135,100,448,1,9/10/19 16:47,R_2ztEWRgtruQQyTs, , , , ,38.42070007,-121.3623047,anonymous,EN,1, , , , , , , , , , , , , , , , , , , , , , , , , , , , , , , , , , , , , , , , , , , , , , , , , , , , , , , , , , , , , , , , , , , , , , , , , , , , , , , , , , ,7,6,6,7,7,7,7,7,6,7,7,7,6,7,7,7,1,2,1,2,1,3,2,2,1,2,1,3,2,2,2,2,2,4,4,4,4,4,4,4,4,6,8,21,24,30,35,32,10,40,1,31,5,36,37,12,14,29,25,15,11,23,27,22,39,41,16,17,20,33,2,18,26,38,7,3,4,34,13,19,28,9,2,30, , , , ,1, , ,3,13, ,1
9/10/19 16:44,9/10/19 16:47,0,107.77.234.219,100,171,1,9/10/19 16:47,R_2Yb5xtem0FyxQt6, , , , ,33.99549866,-84.65809631,anonymous,EN,1,6,5,5,5,6,7,6,6,6,6,6,6,5,6,6,5,1,2,2,3,2,3,2,3,2,1,1,3,1,2,2,3,3,4,4,4,4,4,4,4,4,29,23,6,25,14,3,37,17,27,22,28,35,31,16,38,1,32,2,18,34,7,13,36,10,12,5,9,26,4,19,39,30,40,33,8,24,15,20,21,11,41, , , , , , , , , , , , , , , , , , , , , , , , , , , , , , , , , , , , , , , , , , , , , , , , , , , , , , , , , , , , , , , , , , , , , , , , , , , , , , , , , , ,2,35, , , , ,1, , ,1,10,1, 
9/10/19 16:43,9/10/19 16:47,0,73.48.80.170,100,244,1,9/10/19 16:47,R_3hg0LsQKyAHuA3s, , , , ,30.49079895,-84.31580353,anonymous,EN,1, , , , , , , , , , , , , , , , , , , , , , , , , , , , , , , , , , , , , , , , , , , , , , , , , , , , , , , , , , , , , , , , , , , , , , , , , , , , , , , , , , ,7,7,6,6,7,7,7,7,7,7,7,7,7,7,7,7,2,3,1,3,2,2,2,1,1,1,1,2,1,1,2,1,1,4,4,4,4,4,4,4,4,9,11,15,34,2,33,25,23,21,35,24,36,7,16,3,6,19,5,40,41,38,8,39,31,22,32,1,26,30,29,18,10,12,20,28,37,14,17,13,27,4,1,37, , , , ,1, , ,1,17, ,1
9/10/19 16:42,9/10/19 16:47,0,96.35.84.15,100,339,1,9/10/19 16:47,R_10qowIcGdHrpI2h, , , , ,42.84089661,-83.42880249,anonymous,EN,1,7,7,7,6,6,7,6,5,7,7,7,7,6,5,7,6,1,1,1,3,2,3,1,3,2,1,1,3,1,2,2,1,2,4,4,4,4,4,4,4,4,2,21,25,6,36,4,28,19,8,33,14,22,32,41,17,3,13,31,39,26,38,27,9,11,30,24,1,29,23,20,15,16,18,7,37,12,34,35,10,40,5, , , , , , , , , , , , , , , , , , , , , , , , , , , , , , , , , , , , , , , , , , , , , , , , , , , , , , , , , , , , , , , , , , , , , , , , , , , , , , , , , , ,2,36, , , , ,1, , ,1,16,1, 
9/10/19 16:42,9/10/19 16:47,0,50.251.184.195,100,357,1,9/10/19 16:47,R_2asKtSsy9ol2rkg, , , , ,33.82310486,-84.32579803,anonymous,EN,1, , , , , , , , , , , , , , , , , , , , , , , , , , , , , , , , , , , , , , , , , , , , , , , , , , , , , , , , , , , , , , , , , , , , , , , , , , , , , , , , , , ,6,6,7,6,6,7,4,6,6,7,7,7,6,7,7,4,2,3,2,2,2,2,2,2,4,1,1,2,3,2,2,2,2,4,4,4,4,4,4,4,4,17,31,9,30,15,16,10,27,23,20,26,11,4,12,28,3,41,5,32,21,7,24,29,18,37,2,34,19,35,38,6,1,8,14,39,40,22,13,36,33,25,1,25, ,1, , , , , ,1,3, ,1
9/10/19 16:45,9/10/19 16:48,0,47.204.36.108,100,189,1,9/10/19 16:48,R_1qghySX3G6Wr0ZT, , , , ,28.09460449,-81.49900055,anonymous,EN,1,7,7,5,5,7,6,6,6,6,7,6,7,6,6,7,5,1,2,1,1,1,2,1,1,1,1,1,1,1,1,2,1,1,4,4,4,4,4,4,4,4,16,31,38,35,13,20,29,39,10,1,8,28,5,19,3,15,25,11,7,23,24,37,2,17,4,34,9,18,40,12,14,26,30,6,21,33,36,41,27,22,32, , , , , , , , , , , , , , , , , , , , , , , , , , , , , , , , , , , , , , , , , , , , , , , , , , , , , , , , , , , , , , , , , , , , , , , , , , , , , , , , , , ,1,51, , ,1, , , , ,1,25,1, 
9/10/19 16:41,9/10/19 16:48,0,47.42.25.218,100,407,1,9/10/19 16:48,R_22FT6kOYicvUz4M, , , , ,34.52510071,-82.63069916,anonymous,EN,1,5,6,3,6,6,7,1,6,5,6,3,6,7,6,7,6,1,5,7,6,7,6,6,1,4,6,1,6,1,6,2,7,2,6,3,3,6,6,3,1,7,27,24,16,14,15,8,6,23,10,5,39,19,9,3,26,18,11,17,2,38,35,36,13,34,1,41,37,33,4,7,40,22,28,29,12,25,20,30,21,32,31, , , , , , , , , , , , , , , , , , , , , , , , , , , , , , , , , , , , , , , , , , , , , , , , , , , , , , , , , , , , , , , , , , , , , , , , , , , , , , , , , , ,2,26, , , , ,1, , ,1,6,1, 
9/10/19 16:45,9/10/19 16:48,0,45.56.148.66,100,194,1,9/10/19 16:48,R_2cd6QKO9aVXLY9X, , , , ,40.78759766,-74.05999756,anonymous,EN,1,6,5,4,6,6,6,4,6,5,6,6,5,5,6,5,6,1,2,6,2,5,6,6,2,6,6,5,5,6,6,2,5,6,6,6,4,4,6,6,4,5,14,33,30,4,23,28,8,6,19,3,9,20,41,21,35,16,1,31,7,5,36,11,25,15,32,10,37,12,24,17,29,26,40,13,38,34,2,18,27,22,39, , , , , , , , , , , , , , , , , , , , , , , , , , , , , , , , , , , , , , , , , , , , , , , , , , , , , , , , , , , , , , , , , , , , , , , , , , , , , , , , , , ,1, ,1, , , , , , ,1,11,1, 
9/10/19 16:47,9/10/19 16:48,0,196.17.66.44,100,85,1,9/10/19 16:48,R_TmZl78aQ5D16ekh, , , , ,34.05439758,-118.2440033,anonymous,EN,1, , , , , , , , , , , , , , , , , , , , , , , , , , , , , , , , , , , , , , , , , , , , , , , , , , , , , , , , , , , , , , , , , , , , , , , , , , , , , , , , , , ,5,5,6,6,6,5,5,6,5,5,5,4,6,5,6,6,5,5,5,4,6,6,4,5,4,5,5,6,7,5,3,4,7,5,6,5,5,6,4,5,5,29,7,16,9,30,8,41,40,18,25,23,26,31,32,2,24,14,1,3,33,20,28,4,27,22,37,15,6,10,19,35,13,39,12,38,17,34,11,36,21,5,1,34, , , , ,1, , ,1,20, ,1
9/10/19 16:46,9/10/19 16:48,0,70.176.4.129,100,148,1,9/10/19 16:48,R_2agJ4XO76xWAbPv, , , , ,33.65629578,-112.1706009,anonymous,EN,1,6,6,5,6,6,7,6,5,7,7,7,6,7,6,6,6,1,1,1,1,1,2,2,1,1,1,1,2,1,1,2,1,1,4,4,4,4,4,4,4,4,28,2,4,27,32,14,38,24,20,7,19,34,17,35,3,39,16,5,33,37,18,10,25,23,26,36,6,40,12,41,31,9,1,29,15,22,13,8,11,30,21, , , , , , , , , , , , , , , , , , , , , , , , , , , , , , , , , , , , , , , , , , , , , , , , , , , , , , , , , , , , , , , , , , , , , , , , , , , , , , , , , , ,2,56, , , , ,1, , ,1,45,1, 
9/10/19 16:45,9/10/19 16:48,0,24.158.137.134,100,216,1,9/10/19 16:48,R_3KCk4qGULbN3o0A, , , , ,36.54910278,-82.55840302,anonymous,EN,1, , , , , , , , , , , , , , , , , , , , , , , , , , , , , , , , , , , , , , , , , , , , , , , , , , , , , , , , , , , , , , , , , , , , , , , , , , , , , , , , , , ,7,7,7,7,7,7,7,7,7,7,7,7,7,7,7,7,1,7,1,1,1,1,1,1,1,1,1,1,1,1,2,1,1,7,7,7,7,7,7,7,7,23,33,26,39,41,29,28,14,32,4,8,31,10,27,18,24,40,21,17,6,5,11,25,13,9,16,3,2,12,15,37,35,36,22,1,34,38,20,30,19,7,2,39, , , , ,1, , ,1,25, ,1
9/10/19 16:47,9/10/19 16:48,0,208.64.73.236,100,63,1,9/10/19 16:48,R_oZtuXaCUnTxPQ9b, , , , ,42.18519592,-74.61779785,anonymous,EN,1, , , , , , , , , , , , , , , , , , , , , , , , , , , , , , , , , , , , , , , , , , , , , , , , , , , , , , , , , , , , , , , , , , , , , , , , , , , , , , , , , , ,5,5,4,4,3,4,4,5,3,5,4,5,5,3,4,3,4,5,4,4,4,4,3,4,3,4,3,5,3,5,2,4,4,3,4,3,4,4,4,4,4,11,23,17,40,18,24,6,14,37,30,28,22,8,32,10,2,1,9,39,33,35,41,27,19,5,29,16,38,4,26,12,21,31,34,7,20,25,3,13,36,15,2,33, , ,1, , , , ,1,12, ,1
9/10/19 16:41,9/10/19 16:49,0,139.138.12.50,100,447,1,9/10/19 16:49,R_3feq8eKCCFTUAVA, , , , ,26.21539307,-80.27100372,anonymous,EN,1,6,6,7,5,5,6,6,6,7,7,7,7,7,7,7,7,1,2,1,2,1,2,2,2,1,7,1,2,1,1,2,2,1,4,4,4,4,4,4,4,4,30,36,14,18,39,10,40,33,2,15,19,21,26,12,13,22,27,3,4,16,7,5,6,9,34,25,38,8,29,28,41,31,20,23,37,32,17,35,11,1,24, , , , , , , , , , , , , , , , , , , , , , , , , , , , , , , , , , , , , , , , , , , , , , , , , , , , , , , , , , , , , , , , , , , , , , , , , , , , , , , , , , ,1,29, , , , ,1, , ,3,10,1, 
9/10/19 16:46,9/10/19 16:49,0,173.218.64.86,100,150,1,9/10/19 16:49,R_3h6JvAS5rcTgbmn, , , , ,37.05039978,-93.30020142,anonymous,EN,1, , , , , , , , , , , , , , , , , , , , , , , , , , , , , , , , , , , , , , , , , , , , , , , , , , , , , , , , , , , , , , , , , , , , , , , , , , , , , , , , , , ,7,7,7,7,7,7,7,7,1,7,7,7,7,7,7,7,1,1,1,1,1,1,1,1,1,1,1,1,1,1,2,1,1,4,4,5,4,4,5,4,5,9,7,5,27,17,28,38,19,13,34,26,10,21,37,30,39,33,32,3,31,6,40,29,12,8,23,41,35,20,24,14,25,22,1,4,2,11,15,16,36,18,2,28, , , , ,1, , ,2,0, ,1
9/10/19 16:40,9/10/19 16:49,0,108.22.201.234,100,550,1,9/10/19 16:49,R_AzFkTqm5OitTWM1, , , , ,39.6342926,-77.73370361,anonymous,EN,1, , , , , , , , , , , , , , , , , , , , , , , , , , , , , , , , , , , , , , , , , , , , , , , , , , , , , , , , , , , , , , , , , , , , , , , , , , , , , , , , , , ,6,6,6,6,6,6,6,6,6,6,6,6,6,6,6,6,1,6,1,1,1,1,6,1,1,1,1,3,1,1,2,1,1,6,6,6,6,6,6,6,6,18,28,35,9,40,7,19,27,5,10,12,8,32,3,13,36,26,25,21,41,1,29,34,15,20,30,37,4,14,33,11,23,16,17,6,24,2,22,31,39,38,2,32, , , , ,1, , ,1,11, ,1
9/10/19 16:46,9/10/19 16:49,0,67.160.251.202,100,161,1,9/10/19 16:49,R_6F50WlVgfy4TpNn, , , , ,38.10249329,-122.2131958,anonymous,EN,1,7,7,7,7,7,7,7,7,7,7,7,7,7,7,7,7,1,2,1,1,1,2,1,2,2,2,1,2,1,1,2,1,1,4,4,4,4,4,4,4,4,14,25,38,1,29,2,41,40,37,12,8,23,26,33,31,34,9,32,7,24,17,21,16,22,36,15,13,35,10,20,27,6,4,5,3,30,39,19,28,18,11, , , , , , , , , , , , , , , , , , , , , , , , , , , , , , , , , , , , , , , , , , , , , , , , , , , , , , , , , , , , , , , , , , , , , , , , , , , , , , , , , , ,1,45, , , , ,1, , ,1,28,1, 
9/10/19 16:39,9/10/19 16:49,0,173.66.175.190,100,580,1,9/10/19 16:49,R_214HgWTtDhwQuyZ, , , , ,39.03970337,-77.19180298,anonymous,EN,1, , , , , , , , , , , , , , , , , , , , , , , , , , , , , , , , , , , , , , , , , , , , , , , , , , , , , , , , , , , , , , , , , , , , , , , , , , , , , , , , , , ,6,7,6,6,7,7,7,6,7,7,7,7,6,6,6,6,1,1,1,2,7,2,1,1,2,1,1,1,7,1,2,1,7,4,4,4,4,4,4,6,5,34,2,21,22,16,41,4,9,15,14,17,19,18,38,27,28,13,29,33,39,37,35,32,30,7,6,31,5,36,23,10,25,3,20,26,24,12,40,11,1,8,1,31, , , , ,1, , ,1,7, ,1
9/10/19 16:42,9/10/19 16:49,0,96.29.162.64,100,429,1,9/10/19 16:49,R_2YbuK5w09MtRfIk, , , , ,37.96429443,-84.47029877,anonymous,EN,1, , , , , , , , , , , , , , , , , , , , , , , , , , , , , , , , , , , , , , , , , , , , , , , , , , , , , , , , , , , , , , , , , , , , , , , , , , , , , , , , , , ,7,7,7,6,7,7,7,5,6,7,7,7,5,6,6,6,1,2,1,1,1,1,1,1,1,1,1,1,1,1,2,5,1,5,5,4,5,5,4,3,4,2,15,37,8,5,13,30,12,17,4,29,25,7,19,38,28,11,21,22,41,24,16,39,35,27,18,31,26,34,6,1,23,14,36,9,32,20,3,40,10,33,2,31, , , , ,1, , ,1,11, ,1
9/10/19 16:46,9/10/19 16:49,0,69.76.44.10,100,176,1,9/10/19 16:49,R_xux26Mf1qiQS1xf, , , , ,37.75379944,-87.07790375,anonymous,EN,1,7,7,6,6,7,7,7,7,7,7,7,6,7,7,7,7,1,1,1,1,1,1,1,2,1,1,1,2,3,1,2,2,1,4,4,4,4,4,4,4,4,27,29,19,1,12,18,8,17,36,20,15,11,6,5,34,35,41,3,14,21,37,38,23,13,39,7,33,4,26,24,40,32,16,31,2,25,9,22,30,10,28, , , , , , , , , , , , , , , , , , , , , , , , , , , , , , , , , , , , , , , , , , , , , , , , , , , , , , , , , , , , , , , , , , , , , , , , , , , , , , , , , , ,1,51, , , , ,1, , ,1,36,1, 
9/10/19 16:46,9/10/19 16:49,0,69.1.25.160,100,185,1,9/10/19 16:49,R_1qezaM2tYOvH994, , , , ,34.70950317,-86.73609924,anonymous,EN,1, , , , , , , , , , , , , , , , , , , , , , , , , , , , , , , , , , , , , , , , , , , , , , , , , , , , , , , , , , , , , , , , , , , , , , , , , , , , , , , , , , ,7,7,6,7,7,7,7,7,6,7,7,7,6,7,7,7,1,1,1,1,2,2,2,2,1,1,1,2,2,2,2,2,2,4,4,4,4,4,4,4,4,30,26,41,22,35,3,4,17,6,14,10,37,2,32,29,36,1,15,7,13,18,33,12,34,31,9,23,11,24,16,40,21,39,38,27,8,28,19,20,5,25,2,33, , , , ,1, , ,3,15, ,1
9/10/19 16:48,9/10/19 16:50,0,73.84.229.91,100,102,1,9/10/19 16:50,R_vNPCrjxoRI2DI8p, , , , ,27.53909302,-80.40519714,anonymous,EN,1,5,3,6,6,6,5,5,6,5,6,6,4,6,4,4,4,5,4,4,5,5,5,5,6,4,4,5,4,3,5,6,6,3,6,5,5,4,5,4,5,6,1,23,22,20,30,34,19,29,37,9,21,14,3,12,28,27,24,33,40,16,38,10,41,4,17,25,31,7,32,18,13,8,6,36,11,35,2,5,39,26,15, , , , , , , , , , , , , , , , , , , , , , , , , , , , , , , , , , , , , , , , , , , , , , , , , , , , , , , , , , , , , , , , , , , , , , , , , , , , , , , , , , ,1,21, , , ,1, , , ,1,3,1, 
9/10/19 16:47,9/10/19 16:50,0,76.101.176.65,100,137,1,9/10/19 16:50,R_2rB1XL6bYBJawKX, , , , ,25.93339539,-81.6894989,anonymous,EN,1,7,7,6,6,7,7,7,7,7,7,7,7,7,7,7,7,1,2,1,2,1,2,2,2,2,2,1,2,1,1,2,2,1,4,4,4,4,4,4,4,4,10,28,32,9,41,18,19,4,30,34,2,17,37,15,7,11,40,20,27,25,38,13,35,21,1,12,8,29,3,22,31,16,39,6,36,23,24,5,14,33,26, , , , , , , , , , , , , , , , , , , , , , , , , , , , , , , , , , , , , , , , , , , , , , , , , , , , , , , , , , , , , , , , , , , , , , , , , , , , , , , , , , ,2,40, , , , ,1, , ,1,18,1, 
9/10/19 16:49,9/10/19 16:50,0,24.74.120.186,100,105,1,9/10/19 16:50,R_1pQ24yBQz3bUdiB, , , , ,35.79899597,-80.89399719,anonymous,EN,1,5,5,5,5,7,6,5,7,5,7,7,6,6,6,6,7,1,1,1,2,2,2,3,2,1,1,1,2,1,1,2,3,2,4,4,4,4,4,4,4,4,24,32,21,7,15,27,19,12,28,40,3,35,11,31,39,8,23,26,20,6,38,17,13,2,5,14,25,41,4,29,18,30,9,16,37,33,10,22,1,34,36, , , , , , , , , , , , , , , , , , , , , , , , , , , , , , , , , , , , , , , , , , , , , , , , , , , , , , , , , , , , , , , , , , , , , , , , , , , , , , , , , , ,2,25, , , , ,1, , ,2, ,1, 
9/10/19 16:45,9/10/19 16:50,0,136.49.205.57,100,337,1,9/10/19 16:50,R_1g09GDywka3UMpw, , , , ,30.20950317,-97.79720306,anonymous,EN,1, , , , , , , , , , , , , , , , , , , , , , , , , , , , , , , , , , , , , , , , , , , , , , , , , , , , , , , , , , , , , , , , , , , , , , , , , , , , , , , , , , ,7,6,6,6,6,6,7,6,6,6,6,6,6,6,5,7,1,3,1,2,1,3,2,3,1,1,1,3,1,2,2,2,2,4,4,4,4,4,4,4,4,17,19,26,2,14,33,39,12,9,24,25,41,1,35,34,30,15,20,37,4,31,10,6,8,36,3,7,29,5,11,38,40,22,18,32,23,27,16,28,13,21,2,30, , , , ,1, , ,1,10, ,1
9/10/19 16:47,9/10/19 16:50,0,73.134.59.72,100,184,1,9/10/19 16:51,R_3pbF5t5H3fg0aVH, , , , ,38.72099304,-75.07520294,anonymous,EN,1, , , , , , , , , , , , , , , , , , , , , , , , , , , , , , , , , , , , , , , , , , , , , , , , , , , , , , , , , , , , , , , , , , , , , , , , , , , , , , , , , , ,4,5,2,5,3,5,2,3,4,2,5,3,2,3,4,5,3,2,3,3,4,3,2,3,4,3,2,3,2,3,2,3,2,4,2,1,3,5,3,3,5,2,17,12,15,32,37,7,20,23,35,13,26,19,28,27,36,33,31,21,6,39,30,5,16,41,18,3,1,29,10,9,4,34,40,11,8,24,22,14,38,25,2,27, , , , ,1, , ,1,3, ,1
9/10/19 16:47,9/10/19 16:51,0,41.80.14.145,100,231,1,9/10/19 16:51,R_aVuHY6ZWVwyAZpv, , , , ,-1.284103394,36.81550598,anonymous,EN,1,6,6,7,7,6,6,6,6,6,7,6,6,6,6,6,6,1,1,1,1,6,2,1,1,2,1,1,1,1,6,2,1,1,5,4,4,6,4,4,4,6,35,16,9,21,12,18,31,7,5,32,4,30,36,41,29,40,26,14,1,34,10,2,22,38,37,19,17,23,33,39,6,27,11,3,24,15,8,28,13,20,25, , , , , , , , , , , , , , , , , , , , , , , , , , , , , , , , , , , , , , , , , , , , , , , , , , , , , , , , , , , , , , , , , , , , , , , , , , , , , , , , , , ,1,34, , , ,1, , , ,1,7,1, 
9/10/19 16:47,9/10/19 16:51,0,74.69.89.112,100,200,1,9/10/19 16:51,R_3HYR2uuu55JRHm3, , , , ,43.15010071,-77.58899689,anonymous,EN,1,5,5,6,5,6,6,7,6,6,6,7,7,6,6,6,6,1,2,1,2,2,3,2,2,2,2,2,3,1,2,2,2,2,4,4,4,4,4,4,4,4,30,35,9,15,18,40,33,23,36,3,25,38,24,20,1,10,4,29,34,16,37,7,8,2,11,22,27,26,41,13,39,21,14,31,12,28,32,5,17,6,19, , , , , , , , , , , , , , , , , , , , , , , , , , , , , , , , , , , , , , , , , , , , , , , , , , , , , , , , , , , , , , , , , , , , , , , , , , , , , , , , , , ,1,23, , , , ,1, , ,2,2,1, 
9/10/19 16:47,9/10/19 16:51,0,67.241.241.71,100,203,1,9/10/19 16:51,R_x3LIaGsDDn2tmTv, , , , ,42.14300537,-77.04570007,anonymous,EN,1,5,5,5,5,6,5,5,5,6,7,6,5,5,5,6,5,1,2,2,2,3,2,3,2,2,2,1,2,2,3,2,2,2,4,4,4,4,4,4,4,4,11,38,5,20,7,23,33,4,28,37,26,39,13,17,15,32,36,31,18,34,40,10,19,6,14,35,27,24,3,30,25,22,9,41,12,16,1,29,8,2,21, , , , , , , , , , , , , , , , , , , , , , , , , , , , , , , , , , , , , , , , , , , , , , , , , , , , , , , , , , , , , , , , , , , , , , , , , , , , , , , , , , ,1,36, , , , ,1, , ,1,11,1, 
9/10/19 16:49,9/10/19 16:51,0,98.118.124.17,100,145,1,9/10/19 16:51,R_1FfAx0dwUS8g5Rd, , , , ,42.34910583,-71.54309845,anonymous,EN,1, , , , , , , , , , , , , , , , , , , , , , , , , , , , , , , , , , , , , , , , , , , , , , , , , , , , , , , , , , , , , , , , , , , , , , , , , , , , , , , , , , ,7,5,6,6,5,5,6,6,6,6,5,6,6,6,6,7,6,5,6,5,5,6,7,6,5,6,7,5,6,6,5,6,5,6,5,4,6,6,6,5,5,16,26,36,33,35,31,14,40,37,28,20,23,12,22,17,9,27,13,29,24,11,8,15,7,21,1,4,32,5,3,18,19,2,34,6,25,30,10,41,38,39,2,25, , , , ,1, , ,1,4, ,1
9/10/19 16:49,9/10/19 16:51,0,168.103.53.4,100,151,1,9/10/19 16:51,R_3O8RqZ2Q5fO0Zw3, , , , ,41.60670471,-93.74569702,anonymous,EN,1,6,7,6,6,7,7,6,7,7,6,7,7,7,7,7,7,3,4,3,3,1,3,1,2,2,2,2,2,1,2,2,2,2,4,4,4,4,4,4,4,4,38,20,37,29,17,13,3,6,2,4,30,22,23,33,9,16,27,1,26,18,15,34,12,24,5,19,39,31,11,21,35,32,8,28,41,25,14,10,7,40,36, , , , , , , , , , , , , , , , , , , , , , , , , , , , , , , , , , , , , , , , , , , , , , , , , , , , , , , , , , , , , , , , , , , , , , , , , , , , , , , , , , ,1,30, , , , ,1, , ,1,6,1, 
9/10/19 16:43,9/10/19 16:51,0,97.101.166.22,100,504,1,9/10/19 16:51,R_vl7ypgZcv1y5FWp, , , , ,28.52999878,-81.48069763,anonymous,EN,1,7,7,7,7,7,7,7,6,6,7,6,7,6,7,7,7,1,1,1,1,2,2,2,2,1,1,1,2,1,1,2,2,1,4,4,4,4,4,4,4,4,34,23,9,2,10,36,24,4,38,27,3,7,1,33,19,11,39,18,17,8,6,29,32,35,26,41,30,14,15,21,22,31,20,12,13,5,37,16,40,25,28, , , , , , , , , , , , , , , , , , , , , , , , , , , , , , , , , , , , , , , , , , , , , , , , , , , , , , , , , , , , , , , , , , , , , , , , , , , , , , , , , , ,2,37, , ,1, , , , ,1,17,1, 
9/10/19 16:47,9/10/19 16:52,0,98.27.205.102,100,281,1,9/10/19 16:52,R_3qIGFHf1wnS9juN, , , , ,40.4835968,-81.43869781,anonymous,EN,1,7,6,7,6,6,7,2,6,7,7,7,7,7,7,7,7,1,2,1,2,2,2,2,2,1,2,1,3,1,1,2,2,2,4,4,4,4,4,4,4,4,33,31,11,26,34,39,3,18,8,25,19,37,27,14,12,22,20,32,15,2,1,17,38,29,28,6,5,13,21,30,10,4,36,40,24,16,41,7,35,9,23, , , , , , , , , , , , , , , , , , , , , , , , , , , , , , , , , , , , , , , , , , , , , , , , , , , , , , , , , , , , , , , , , , , , , , , , , , , , , , , , , , ,2, , , , , ,1, , ,1,35,1, 
9/10/19 16:49,9/10/19 16:52,0,68.104.244.232,100,154,1,9/10/19 16:52,R_2D7cUouK0eBHBWB, , , , ,33.71470642,-112.240097,anonymous,EN,1,4,4,4,4,4,4,4,4,4,4,4,4,4,4,4,4,4,4,4,4,4,4,4,4,4,4,4,4,4,4,2,4,4,4,4,4,4,4,4,4,4,40,4,23,13,2,5,26,22,33,19,16,1,35,12,8,9,17,31,3,20,29,28,38,11,27,10,18,34,21,6,36,25,30,39,14,32,7,24,37,15,41, , , , , , , , , , , , , , , , , , , , , , , , , , , , , , , , , , , , , , , , , , , , , , , , , , , , , , , , , , , , , , , , , , , , , , , , , , , , , , , , , , ,2,33, , ,1, ,1, , ,3,15,1, 
9/10/19 16:49,9/10/19 16:52,0,68.104.244.232,100,153,1,9/10/19 16:52,R_1nUVc9kbCwTGbQO, , , , ,33.71470642,-112.240097,anonymous,EN,1, , , , , , ,3, , , , , , , , , , , , , , , , , , , ,3, ,2, ,2, , , , , , , ,4, , ,19,4,3,38,15,21,25,34,40,8,35,7,14,11,39,6,17,27,29,18,26,2,16,33,32,23,28,12,41,9,10,20,31,37,22,1,24,5,30,13,36, , , , , , , , , , , , , , , , , , , , , , , , , , , , , , , , , , , , , , , , , , , , , , , , , , , , , , , , , , , , , , , , , , , , , , , , , , , , , , , , , , ,2,29, , , , ,1, , ,1,13,1, 
9/10/19 16:50,9/10/19 16:52,0,45.61.48.121,100,104,1,9/10/19 16:52,R_21zVKhCIx2JJNJJ, , , , ,37.75100708,-97.8219986,anonymous,EN,1, , , , , , , , , , , , , , , , , , , , , , , , , , , , , , , , , , , , , , , , , , , , , , , , , , , , , , , , , , , , , , , , , , , , , , , , , , , , , , , , , , ,6,6,5,7,7,7,6,5,5,6,4,7,5,5,5,6,5,6,7,6,7,6,6,5,5,6,5,6,5,6,7,4,4,6,5,6,6,5,5,5,6,28,19,14,26,7,6,40,30,36,4,13,33,18,23,2,25,29,9,41,3,34,39,31,38,21,17,22,24,37,8,27,12,15,20,1,35,5,11,10,16,32,2,23, ,1, , , , , ,1,3, ,1
9/10/19 16:47,9/10/19 16:52,0,144.15.255.227,100,297,1,9/10/19 16:52,R_xaZrfTsROozLq13, , , , ,45.09359741,-93.24069977,anonymous,EN,1, , , , , , , , , , , , , , , , , , , , , , , , , , , , , , , , , , , , , , , , , , , , , , , , , , , , , , , , , , , , , , , , , , , , , , , , , , , , , , , , , , ,7,7,5,6,5,6,1,5,7,6,6,6,6,5,7,6,4,1,1,3,2,4,3,2,2,2,2,2,2,3,2,3,2,4,4,4,4,4,4,4,4,12,1,7,15,36,20,9,37,24,29,35,23,18,25,10,11,28,32,2,16,41,3,22,39,8,14,27,40,33,13,6,4,31,21,30,34,19,38,26,17,5,1, , , , , ,1, , ,1,6, ,1
9/10/19 16:51,9/10/19 16:52,0,73.79.228.139,100,67,1,9/10/19 16:52,R_3e3RD5bSPxGaClc, , , , ,40.44419861,-79.95570374,anonymous,EN,1, , , , , , , , , , , , , , , , , , , , , , , , , , , , , , , , , , , , , , , , , , , , , , , , , , , , , , , , , , , , , , , , , , , , , , , , , , , , , , , , , , ,4,5,5,4,7,5,6,6,5,5,6,4,6,4,6,4,4,5,7,5,5,6,5,7,5,4,6,7,4,5,2,4,6,6,4,5,5,7,6,5,5,31,33,24,26,11,32,9,17,23,41,21,1,35,2,36,25,27,38,20,3,16,8,22,19,15,4,29,12,34,39,40,7,37,13,6,30,28,18,10,5,14,1,32, , , , ,1, , ,1,7, ,1
9/10/19 16:50,9/10/19 16:52,0,99.68.56.159,100,146,1,9/10/19 16:52,R_1HbYYDMSLCLMyct, , , , ,37.82229614,-83.78530121,anonymous,EN,1, , , , , , , , , , , , , , , , , , , , , , , , , , , , , , , , , , , , , , , , , , , , , , , , , , , , , , , , , , , , , , , , , , , , , , , , , , , , , , , , , , ,7,7,7,4,7,7,6,7,7,7,6,7,7,7,7,6,1,2,1,1,1,2,1,2,1,1,1,2,1,1,2,1,1,4,4,4,4,4,4,1,4,40,21,36,18,31,1,17,27,34,20,30,24,19,5,15,26,14,29,23,38,11,10,32,41,22,7,33,8,16,2,3,6,9,12,25,4,35,28,37,39,13,2,23, , , , ,1, , ,1,3, ,1
9/10/19 16:39,9/10/19 16:52,0,47.42.28.59,100,792,1,9/10/19 16:52,R_2vdAYiRuL0Bvx8m, , , , ,34.52510071,-82.63069916,anonymous,EN,1, , , , , , , , , , , , , , , , , , , , , , , , , , , , , , , , , , , , , , , , , , , , , , , , , , , , , , , , , , , , , , , , , , , , , , , , , , , , , , , , , , ,5,5,5,3,5,5,2,5,2,5,3,6,6,1,2,4,6,5,3,2,5,1,5,4,5,7,6,3,3,5,2,3,2,2,7,6,7,6,3,6,5,38,27,18,39,26,29,21,2,25,24,34,16,37,12,30,13,33,17,15,22,6,14,35,20,31,28,36,1,7,40,5,19,9,8,3,10,41,23,11,4,32,1,26, , , , ,1, , ,1,6, ,1
9/10/19 16:50,9/10/19 16:52,0,98.153.62.150,100,168,1,9/10/19 16:52,R_2QzKc5PeAtBEGMQ, , , , ,37.75100708,-97.8219986,anonymous,EN,1, , , , , , , , , , , , , , , , , , , , , , , , , , , , , , , , , , , , , , , , , , , , , , , , , , , , , , , , , , , , , , , , , , , , , , , , , , , , , , , , , , ,5,6,6,6,7,7,6,6,7,7,7,7,6,7,7,5,1,1,1,2,3,3,1,2,1,1,1,2,1,1,2,1,2,4,4,4,4,4,4,4,4,21,30,32,1,40,17,25,23,22,20,16,36,39,4,33,24,11,38,34,2,8,6,7,10,37,13,31,18,3,9,26,12,41,29,15,35,28,5,14,19,27,1,39, ,1, , , , , ,1,17, ,1
9/10/19 16:51,9/10/19 16:53,0,173.91.133.199,100,116,1,9/10/19 16:53,R_2uqF2z9I5uNhzv8, , , , ,41.1257019,-80.62770081,anonymous,EN,1,7,7,7,6,7,7,7,7,7,7,7,7,7,7,7,7,1,1,2,3,2,3,2,4,1,1,1,3,1,3,2,3,2,4,4,4,4,4,4,4,4,10,22,9,41,27,31,39,4,24,25,12,36,16,40,8,17,15,7,6,11,38,19,34,26,23,35,3,5,1,2,30,32,28,37,29,13,14,21,18,33,20, , , , , , , , , , , , , , , , , , , , , , , , , , , , , , , , , , , , , , , , , , , , , , , , , , , , , , , , , , , , , , , , , , , , , , , , , , , , , , , , , , ,2,34, , , ,1, , , ,1,17,1, 
9/10/19 16:50,9/10/19 16:53,0,73.152.56.226,100,167,1,9/10/19 16:53,R_rcNRze9lrnGXUOZ, , , , ,37.51469421,-77.50340271,anonymous,EN,1, , , , , , , , , , , , , , , , , , , , , , , , , , , , , , , , , , , , , , , , , , , , , , , , , , , , , , , , , , , , , , , , , , , , , , , , , , , , , , , , , , ,7,6,7,7,6,4,7,4,6,6,4,7,7,6,7,7,1,1,2,2,4,1,2,1,1,1,7,4,1,1,2,4,1,4,4,4,4,4,4,6,4,1,39,10,41,32,38,3,35,29,34,37,26,16,31,14,25,7,9,20,12,17,15,19,23,4,28,18,33,22,6,13,40,27,8,5,24,30,2,11,36,21,1, , , , ,1,1, , ,1,9, ,1
9/10/19 16:50,9/10/19 16:53,0,131.148.15.219,100,181,1,9/10/19 16:53,R_2QAPHuqsA87EhZ5, , , , ,28.30560303,-81.41970062,anonymous,EN,1,3,6,5,6,4,7,5,1,5,7,6,7,6,4,6,6,4,6,2,3,7,4,5,4,5,6,6,7,5,3,2,5,7,7,5,3,7,6,5,4,6,34,21,10,37,13,39,19,2,11,3,41,26,5,16,18,33,30,8,25,6,40,36,38,23,29,12,27,7,4,9,15,35,14,20,28,17,31,22,24,1,32, , , , , , , , , , , , , , , , , , , , , , , , , , , , , , , , , , , , , , , , , , , , , , , , , , , , , , , , , , , , , , , , , , , , , , , , , , , , , , , , , , ,1,30, , , ,1, , , ,1,3,1, 
9/10/19 16:50,9/10/19 16:53,0,47.210.3.243,100,197,1,9/10/19 16:53,R_Q0QHwgffI9mUuop, , , , ,32.543396,-93.70110321,anonymous,EN,1,6,6,6,7,7,7,7,5,7,7,7,7,7,7,7,7,2,3,1,2,1,2,1,1,1,1,1,1,1,1,2,1,1,4,4,4,4,4,4,4,4,26,20,21,9,36,23,32,16,41,1,37,8,11,15,30,12,39,6,35,10,40,7,19,22,17,3,27,24,5,31,28,18,25,13,34,38,4,14,33,2,29, , , , , , , , , , , , , , , , , , , , , , , , , , , , , , , , , , , , , , , , , , , , , , , , , , , , , , , , , , , , , , , , , , , , , , , , , , , , , , , , , , ,1,56, , , , ,1, , ,1,38,1, 
9/10/19 16:51,9/10/19 16:53,0,108.26.115.179,100,120,1,9/10/19 16:53,R_2Xb3flxdht89dqc, , , , ,36.98640442,-76.41649628,anonymous,EN,1, , , , , , , , , , , , , , , , , , , , , , , , , , , , , , , , , , , , , , , , , , , , , , , , , , , , , , , , , , , , , , , , , , , , , , , , , , , , , , , , , , ,7,7,7,6,7,7,7,7,7,7,7,7,7,7,7,7,1,2,1,2,2,2,1,1,1,1,1,2,1,1,2,1,2,4,4,4,4,4,4,4,4,18,35,21,28,31,37,19,26,8,23,36,32,10,16,4,22,5,40,6,15,39,14,20,34,30,13,25,24,9,3,12,17,27,33,7,11,29,2,38,1,41,2,24, , , , ,1, , ,1,4, ,1
9/10/19 16:51,9/10/19 16:53,0,74.98.226.249,100,113,1,9/10/19 16:53,R_2t5aTYCvS20jPuF, , , , ,40.47250366,-79.9108963,anonymous,EN,1,6,5,6,6,6,6,6,6,6,7,6,6,6,7,6,6,1,3,1,2,1,3,2,4,2,2,1,2,1,2,2,3,1,4,4,4,4,4,4,4,4,35,41,3,9,32,16,23,26,18,33,34,5,24,1,14,37,6,27,22,31,13,40,25,4,19,38,36,2,11,15,7,20,12,30,29,10,39,21,8,17,28, , , , , , , , , , , , , , , , , , , , , , , , , , , , , , , , , , , , , , , , , , , , , , , , , , , , , , , , , , , , , , , , , , , , , , , , , , , , , , , , , , ,1,30, , , , ,1, , ,1,15,1, 
9/10/19 16:50,9/10/19 16:54,0,65.175.199.29,100,200,1,9/10/19 16:54,R_1ClTKUGPcFez85s, , , , ,43.3565979,-71.24240112,anonymous,EN,1,7,6,5,6,5,7,6,6,5,7,7,7,6,7,7,7,1,3,1,2,3,2,3,2,1,1,1,3,3,2,2,2,3,4,4,4,4,4,4,4,4,20,5,21,1,10,3,23,19,22,17,35,32,18,2,13,30,12,24,40,27,25,37,31,8,16,36,33,38,14,15,7,4,6,41,28,39,34,26,11,9,29, , , , , , , , , , , , , , , , , , , , , , , , , , , , , , , , , , , , , , , , , , , , , , , , , , , , , , , , , , , , , , , , , , , , , , , , , , , , , , , , , , ,1,42, , , , ,1, , ,1,20,1, 
9/10/19 16:51,9/10/19 16:54,0,67.83.41.133,100,153,1,9/10/19 16:54,R_2YQc0d2GkkDwDS2, , , , ,40.67170715,-74.20429993,anonymous,EN,1,5,5,6,6,6,6,6,6,6,6,6,6,6,6,6,6,2,2,2,2,3,3,3,3,2,2,2,3,2,2,2,3,3,4,4,4,4,4,4,4,4,28,24,17,2,30,33,10,6,22,12,7,15,3,37,27,16,38,1,8,11,25,29,39,5,41,9,18,21,19,13,14,26,4,36,40,20,31,32,23,35,34, , , , , , , , , , , , , , , , , , , , , , , , , , , , , , , , , , , , , , , , , , , , , , , , , , , , , , , , , , , , , , , , , , , , , , , , , , , , , , , , , , ,1,39, , , , ,1, , ,1,17,1, 
9/10/19 16:51,9/10/19 16:54,0,72.82.20.53,100,172,1,9/10/19 16:54,R_D01PJcyqOVSumhr, , , , ,41.87399292,-71.38439941,anonymous,EN,1,6,5,6,5,6,6,6,6,6,6,6,6,6,6,6,6,1,3,1,3,2,2,2,2,2,1,1,2,1,2,2,1,3,4,4,4,4,4,4,4,4,8,41,39,10,31,15,21,6,34,20,38,32,18,33,29,25,26,37,4,23,28,40,14,1,7,11,9,22,5,30,2,24,13,3,19,27,35,36,12,17,16, , , , , , , , , , , , , , , , , , , , , , , , , , , , , , , , , , , , , , , , , , , , , , , , , , , , , , , , , , , , , , , , , , , , , , , , , , , , , , , , , , ,1,28, ,1, , , , , ,1,5,1, 
9/10/19 16:53,9/10/19 16:54,0,68.206.146.104,100,90,1,9/10/19 16:54,R_21gmR6tU4vgMZlx, , , , ,31.90330505,-106.4169998,anonymous,EN,1, , , , , , , , , , , , , , , , , , , , , , , , , , , , , , , , , , , , , , , , , , , , , , , , , , , , , , , , , , , , , , , , , , , , , , , , , , , , , , , , , , ,6,7,5,3,5,4,6,4,5,2,4,5,6,4,5,5,2,6,3,7,3,4,5,3,6,6,4,4,3,4,7,2, ,6,6,4,5,5,3,3,4,36,15,26,17,39,28,6,27,40,1,19,30,13,35,3,22,32,14,34,16,24,20,18,10,21,31,41,4,2,7,37,8,25,5,29,12,23,9,38,33,11,1,22, , ,1, , , , ,1,3, ,1
9/10/19 16:53,9/10/19 16:55,0,97.94.67.192,100,114,1,9/10/19 16:55,R_25BzDosIRKIm15q, , , , ,43.17720032,-85.24729919,anonymous,EN,1, , , , , , , , , , , , , , , , , , , , , , , , , , , , , , , , , , , , , , , , , , , , , , , , , , , , , , , , , , , , , , , , , , , , , , , , , , , , , , , , , , ,6,6,7,7,7,7,7,6,6,7,7,7,7,7,7,7,1,1,1,1,2,2,2,1,2,1,1,3,1,1,2,2,2,4,4,4,4,4,4,4,4,31,38,25,17,21,30,9,2,1,7,27,14,28,18,5,11,39,16,20,15,33,4,19,41,36,8,24,12,22,40,34,26,13,10,29,23,6,32,35,3,37,1,38, , , , ,1, , ,1,20, ,1
9/10/19 16:53,9/10/19 16:55,0,173.171.111.154,100,157,1,9/10/19 16:55,R_3fJi93FVQsnp0pK, , , , ,28.19509888,-81.60620117,anonymous,EN,1, , , , , , , , , , , , , , , , , , , , , , , , , , , , , , , , , , , , , , , , , , , , , , , , , , , , , , , , , , , , , , , , , , , , , , , , , , , , , , , , , , ,5,3,4,4,3,5,5,4,4,3,4,6,5,6,4,3,3,5,5,3,5,5,4,3,5,2,6,4,5,5,3,4,2,4,4,3,3,6,6,4,5,19,30,13,21,16,6,32,22,20,40,41,26,1,27,4,34,37,39,12,28,35,11,17,14,2,38,3,7,15,8,29,5,36,25,9,23,24,10,18,33,31,2,23, , ,1, , , , ,1,6, ,1
9/10/19 16:40,9/10/19 16:55,0,98.153.62.178,100,915,1,9/10/19 16:55,R_9sQ6bOOkyOkzfA5, , , , ,37.75100708,-97.8219986,anonymous,EN,1, , , , , , , , , , , , , , , , , , , , , , , , , , , , , , , , , , , , , , , , , , , , , , , , , , , , , , , , , , , , , , , , , , , , , , , , , , , , , , , , , , ,7,7,6,6,7,7,7,7,7,6,5,6,6,7,7,7,1,2,2,3,3,4,1,4,3,2,1,3,2,1,2,4,2,7,4,4,5,4,5,4,5,11,37,26,10,14,29,3,27,19,32,35,21,31,22,38,8,28,5,15,20,16,39,17,25,24,41,4,34,9,2,18,33,12,7,23,1,30,6,40,13,36,2,57, , , ,1, , , ,1,33, ,1
9/10/19 16:54,9/10/19 16:56,0,73.155.50.63,100,122,1,9/10/19 16:56,R_1i1WDMjgcEzcnsp, , , , ,30.17070007,-95.50189972,anonymous,EN,1,6,6,6,6,6,6,7,6,6,7,6,6,6,6,6,7,1,1,1,1,2,1,2,2,5,1,1,2,2,1,2,3,1,4,4,4,4,4,4,4,5,10,14,13,27,19,29,36,28,5,30,16,2,22,17,34,15,33,7,26,4,41,6,3,31,39,25,32,8,21,37,11,9,35,20,38,24,12,40,23,18,1, , , , , , , , , , , , , , , , , , , , , , , , , , , , , , , , , , , , , , , , , , , , , , , , , , , , , , , , , , , , , , , , , , , , , , , , , , , , , , , , , , ,1,28, , , , ,1, , ,1,9,1, 
9/10/19 16:53,9/10/19 16:56,0,172.1.177.213,100,157,1,9/10/19 16:56,R_2Qh98CJ0mVOtFwq, , , , ,26.01620483,-80.19550323,anonymous,EN,1,6,6,7,7,6,6,6,7,5,6,7,7,6,6,7,7,2,1,2,2,1,2,6,2,2,6,1,5,6,1,2,2,2,6,6,5,6,6,6,5,6,17,29,5,40,16,34,27,6,21,33,37,7,9,8,39,38,3,23,12,30,36,1,19,31,32,25,35,11,14,26,41,20,2,18,22,10,28,13,24,4,15, , , , , , , , , , , , , , , , , , , , , , , , , , , , , , , , , , , , , , , , , , , , , , , , , , , , , , , , , , , , , , , , , , , , , , , , , , , , , , , , , , ,1,36, ,1, , , , , ,1,15,1, 
9/10/19 16:54,9/10/19 16:56,0,98.183.187.101,100,105,1,9/10/19 16:56,R_2rkpF7faBJlKioa, , , , ,36.79690552,-76.17970276,anonymous,EN,1, , , , , , , , , , , , , , , , , , , , , , , , , , , , , , , , , , , , , , , , , , , , , , , , , , , , , , , , , , , , , , , , , , , , , , , , , , , , , , , , , , ,6,7,7,7,6,7,6,6,6,7,6,6,6,6,7,6,1,3,2,2,1,2,3,3,2,3,2,3,1,1,2,3,3,4,4,4,4,4,4,4,4,6,33,41,32,30,40,13,31,11,27,12,4,38,7,3,29,18,34,1,2,24,26,14,15,22,10,5,21,39,25,28,9,23,20,36,8,37,16,19,35,17,1,28, , , , ,1, , ,1,10, ,1
9/10/19 16:55,9/10/19 16:56,0,174.128.227.226,100,76,1,9/10/19 16:56,R_1LYEd8svRgvXlsW, , , , ,39.75010681,-104.995697,anonymous,EN,1,4,5,3,4,2,3,3,4,5,3,4,4,3,4,4,4,5,2,4,5,5,4,4,5,3,5,5,4,2,3,2,5,3,4,4,4,6,5,6,5,5,21,6,20,24,34,41,27,31,1,36,4,26,38,17,15,19,22,39,13,16,23,9,37,14,11,3,18,29,33,32,35,8,30,10,12,28,7,40,2,5,25, , , , , , , , , , , , , , , , , , , , , , , , , , , , , , , , , , , , , , , , , , , , , , , , , , , , , , , , , , , , , , , , , , , , , , , , , , , , , , , , , , ,1,25, , , , ,1, , ,1,2,1, 
9/10/19 16:55,9/10/19 16:56,0,12.38.35.6,100,97,1,9/10/19 16:56,R_1LOKVFlmEqFiBWW, , , , ,28.55149841,-81.30509949,anonymous,EN,1, , , , , , , , , , , , , , , , , , , , , , , , , , , , , , , , , , , , , , , , , , , , , , , , , , , , , , , , , , , , , , , , , , , , , , , , , , , , , , , , , , ,5,5,6,5,5,6,3,5,5,4,3,4,4,6,6,6,5,5,3,6,3,3,5,3,4,6,3, ,5,3,6,6,6,3,6,4,6,6,5,5,5,24,35,1,17,10,39,3,38,14,29,23,12,19,21,20,8,32,40,18,36,41,33,26,15,34,13,28,27,30,9,31,5,2,37,6,7,25,11,4,16,22,1,28, , , ,1,1,1, ,1,8, ,1
9/10/19 16:56,9/10/19 16:57,0,190.124.31.233,100,70,1,9/10/19 16:57,R_3KpFHHBCrkjGdu2, , , , ,9.983306885,-72.03330231,anonymous,EN,1,7,6,5,7,7,7,6,6,7,5,7,7,7,6,6,5,7,6,6,6,7,5,7,7,6,5,6,7,7,7,6,7,7,6,7,7,7,5,5,5,6,36,16,20,8,30,17,33,32,37,19,11,6,24,3,4,21,7,38,10,15,29,12,41,35,39,1,22,26,5,31,28,18,34,23,9,40,25,2,13,14,27, , , , , , , , , , , , , , , , , , , , , , , , , , , , , , , , , , , , , , , , , , , , , , , , , , , , , , , , , , , , , , , , , , , , , , , , , , , , , , , , , , ,2,30, , , , ,1, , ,1,8,1, 
9/10/19 16:50,9/10/19 16:57,0,104.231.198.235,100,442,1,9/10/19 16:57,R_1PZZ3j2HbT0yRIo, , , , ,43.11659241,-87.99040222,anonymous,EN,1, , , , , , , , , , , , , , , , , , , , , , , , , , , , , , , , , , , , , , , , , , , , , , , , , , , , , , , , , , , , , , , , , , , , , , , , , , , , , , , , , , ,7,7,6,6,7,7,7,7,7,7,7,7,7,7,7,7,1,1,1,1,3,2,1,1,1,1,1,2,3,1,2,1,2,4,4,4,4,4,4,4,4,41,36,23,20,5,32,14,17,3,29,4,1,31,15,7,24,2,16,34,10,37,33,13,9,6,12,39,38,27,21,22,11,26,28,18,19,25,40,30,35,8,2,58, , , ,1, , , ,1,35, ,1
9/10/19 16:55,9/10/19 16:58,0,108.194.226.76,100,192,1,9/10/19 16:58,R_3EtmXIey1ineNeU, , , , ,38.88969421,-121.2873001,anonymous,EN,1,7,7,6,6,7,7,6,6,6,7,6,7,6,7,6,6,1,3,2,2,2,2,3,2,1,1,1,2,1,1,2,2,2,4,4,4,4,4,4,4,4,17,32,18,41,28,5,27,23,9,1,24,7,31,37,29,14,35,8,20,40,2,19,6,3,33,4,15,26,21,39,10,13,34,25,16,36,22,38,12,30,11, , , , , , , , , , , , , , , , , , , , , , , , , , , , , , , , , , , , , , , , , , , , , , , , , , , , , , , , , , , , , , , , , , , , , , , , , , , , , , , , , , ,2,30, , , , ,1, , ,3,5,1, 
9/10/19 16:55,9/10/19 16:58,0,73.139.19.187,100,174,1,9/10/19 16:58,R_3hzHZ4gyK1YXAuz, , , , ,25.60620117,-80.34519958,anonymous,EN,1, , , , , , , , , , , , , , , , , , , , , , , , , , , , , , , , , , , , , , , , , , , , , , , , , , , , , , , , , , , , , , , , , , , , , , , , , , , , , , , , , , ,7,7,7,7,7,7,7,7,7,7,7,7,7,7,7,7,1,1,1,1,1,1,1,1,3,1,1,3,1,1,1,1,2,5,4,4,7,7,4,5,7,36,18,34,20,11,8,13,38,4,10,40,2,35,25,23,37,33,17,30,19,3,1,7,14,24,28,16,41,22,12,29,21,6,32,9,39,15,26,5,31,27,2,43, , , ,1, , , , ,14, ,1
9/10/19 16:56,9/10/19 16:59,0,199.116.118.204,100,180,1,9/10/19 16:59,R_2E5cqqo0KhUVBzx, , , , ,37.3881073,-121.8755951,anonymous,EN,1, , , , , , , , , , , , , , , , , , , , , , , , , , , , , , ,2, , , , , , , , , , ,5,15,13,30,10,29,12,23,33,35,11,22,26,7,36,27,14,38,21,8,20,4,16,25,2,32,24,41,19,37,34,40,31,28,17,39,18,9,1,6,3, , , , , , , , , , , , , , , , , , , , , , , , , , , , , , , , , , , , , , , , , , , , , , , , , , , , , , , , , , , , , , , , , , , , , , , , , , , , , , , , , , ,2,27, , , , ,1, , ,1,3,1, 
9/10/19 16:56,9/10/19 16:59,0,24.144.162.159,100,163,1,9/10/19 16:59,R_2zCn35EkMEwIZH7, , , , ,41.09959412,-80.75229645,anonymous,EN,1, , , , , , , , , , , , , , , , , , , , , , , , , , , , , , , , , , , , , , , , , , , , , , , , , , , , , , , , , , , , , , , , , , , , , , , , , , , , , , , , , , ,7,7,7,7,7,7,7,7,7,7,6,7,6,7,7,7,1,1,1,1,2,1,1,2,1,1,1,2,1,1,2,1,1,4,4,4,4,4,4,4,4,13,38,33,10,39,15,24,4,3,25,2,26,21,41,7,35,18,1,14,29,36,22,5,28,8,32,34,9,12,40,37,31,30,16,11,23,20,27,6,19,17,2,37, , , , ,1, , ,1,16, ,1
9/10/19 16:58,9/10/19 17:00,0,71.244.254.108,100,157,1,9/10/19 17:00,R_W9715IBGAUEnRjH, , , , ,39.21240234,-76.87760162,anonymous,EN,1,7,6,6,7,6,6,6,6,6,6,6,7,6,7,7,6,1,2,1,2,2,3,1,3,1,2,1,2,1,1,2,1,2,4,4,4,4,4,4,4,4,6,19,27,3,18,41,22,28,31,8,38,26,11,16,36,1,7,40,17,34,5,12,29,21,13,9,35,25,2,37,39,32,10,33,30,24,15,4,20,23,14, , , , , , , , , , , , , , , , , , , , , , , , , , , , , , , , , , , , , , , , , , , , , , , , , , , , , , , , , , , , , , , , , , , , , , , , , , , , , , , , , , ,1,24, , , ,1,1, , ,1,3,1, 
9/10/19 16:56,9/10/19 17:00,0,208.104.51.94,100,226,1,9/10/19 17:00,R_YaJioUhagjOjtjH, , , , ,35.05020142,-80.99079895,anonymous,EN,1, , , , , , , , , , , , , , , , , , , , , , , , , , , , , , , , , , , , , , , , , , , , , , , , , , , , , , , , , , , , , , , , , , , , , , , , , , , , , , , , , , ,7,7,6,5,5,7,6,6,7,7,7,7,6,7,7,7,1,1,1,1,2,3,3,1,1,1,1,3,1,1,2,2,1,4,4,4,4,4,4,4,4,23,39,2,28,19,7,31,27,5,8,40,9,29,6,21,35,4,10,22,3,38,26,14,20,33,1,24,17,25,13,41,18,36,15,11,37,32,30,12,34,16,1,42, , , ,1, , , ,2,15, ,1
9/10/19 16:53,9/10/19 17:01,0,72.189.43.249,100,433,1,9/10/19 17:01,R_2OMxXbuHiYfxz3K, , , , ,28.30560303,-81.41970062,anonymous,EN,1, , , , , , , , , , , , , , , , , , , , , , , , , , , , , , , , , , , , , , , , , , , , , , , , , , , , , , , , , , , , , , , , , , , , , , , , , , , , , , , , , , ,7,6,6,5,7,7,6,5,6,7,7,7,7,6,6,6,2,3,1,3,2,3,1,2,1,1,1,2,2,1,2,3,1,4,4,4,4,4,4,4,4,10,15,30,33,31,9,6,22,24,39,37,17,8,29,35,27,38,16,12,5,3,23,41,25,28,18,13,34,32,1,40,21,26,2,4,19,36,20,14,11,7,2,41, , , , ,1, , ,2,20, ,1
9/10/19 16:58,9/10/19 17:01,0,108.226.49.127,100,216,1,9/10/19 17:01,R_2Pp3G1pkjqbZ7Aa, , , , ,36.35189819,-94.21970367,anonymous,EN,1, , , , , , , , , , , , , , , , , , , , , , , , , , , , , , , , , , , , , , , , , , , , , , , , , , , , , , , , , , , , , , , , , , , , , , , , , , , , , , , , , , ,6,7,7,7,6,7,7,7,6,7,5,7,7,7,7,6,1,2,1,1,1,1,1,1,1,1,1,1,1,1,2,1,1,4,4,6,4,4,4,4,4,31,8,41,2,39,14,5,21,12,29,9,6,7,40,10,20,32,1,28,34,13,15,4,33,3,35,36,38,37,23,30,26,16,11,24,22,19,17,27,18,25,2,33, , , , ,1, , ,1,3, ,1
9/10/19 16:53,9/10/19 17:01,0,73.236.39.243,100,497,1,9/10/19 17:01,R_3iVJd76bqQ8MKBh, , , , ,39.91479492,-80.73100281,anonymous,EN,1,6,7,6,6,6,6,4,6,6,6,7,7,6,5,6,7,2,2,1,1,3,2,3,3,2,2,2,3,2,1,2,3,2,4,4,4,4,4,7,4,4,31,12,41,10,38,17,26,22,4,27,11,40,18,30,8,6,9,15,2,5,39,13,32,35,36,24,7,14,29,23,37,20,28,34,3,16,33,25,1,21,19, , , , , , , , , , , , , , , , , , , , , , , , , , , , , , , , , , , , , , , , , , , , , , , , , , , , , , , , , , , , , , , , , , , , , , , , , , , , , , , , , , ,2,31, , , , ,1, , ,1,13,1, 
9/10/19 16:59,9/10/19 17:02,0,71.224.61.98,100,150,1,9/10/19 17:02,R_12bDJ4AWU8DmAU4, , , , ,40.07499695,-75.13150024,anonymous,EN,1, , , , , , , , , , , , , , , , , , , , , , , , , , , , , , , , , , , , , , , , , , , , , , , , , , , , , , , , , , , , , , , , , , , , , , , , , , , , , , , , , , ,6,6,7,6,6,7,7,6,6,7,7,6,7,7,7,7,1,2,1,2,2,2,2,1,2,3,1,2,1,1,2,2,2,4,4,4,4,4,4,4,5,26,25,7,10,37,27,39,34,28,14,20,12,21,38,40,19,17,29,13,23,35,18,15,6,8,36,41,24,16,30,9,11,3,2,33,32,4,1,22,31,5,2,25, , , , ,1, , ,3,2, ,1
9/10/19 16:58,9/10/19 17:02,0,131.148.15.222,100,210,1,9/10/19 17:02,R_XRJudZaiE25kGpX, , , , ,28.30560303,-81.41970062,anonymous,EN,1, , , , , , , , , , , , , , , , , , , , , , , , , , , , , , , , , , , , , , , , , , , , , , , , , , , , , , , , , , , , , , , , , , , , , , , , , , , , , , , , , , ,6,6,4,5,5,5,5,5,5,6,5,6,7,5,6, ,3,3,6,4,5,2,5,6,4,6,6,3,4,5,2,4,4,5, ,5,6,6,6,5,6,31,12,40,32,41,1,35,7,5,28,27,23,9,39,26,3,18,20,36,34,37,21,25,6,19,29,8,33,4,30,24,11,16,22,17,13,2,38,14,10,15,2,25, , , ,1, , , ,1,2, ,1
9/10/19 16:59,9/10/19 17:02,0,45.36.92.189,100,172,1,9/10/19 17:02,R_32WSim8Jd184xA3, , , , ,36.021698,-79.7838974,anonymous,EN,1, , , , , , , , , , , , , , , , , , , , , , , , , , , , , , , , , , , , , , , , , , , , , , , , , , , , , , , , , , , , , , , , , , , , , , , , , , , , , , , , , , ,7,7,7,7,7,7,7,4,7,7,7,7,4,7,7,7,1,3,1,1,4,2,1,2,1,1,1,2,2,1,2,1,2,4,4,4,4,4,4,4,4,34,11,39,12,15,3,14,4,6,1,26,41,35,31,7,28,8,38,25,18,10,23,29,40,5,17,19,13,27,30,20,2,33,37,36,32,16,21,22,9,24,1,29,1, , ,1,1, , ,1,5, ,1
9/10/19 16:55,9/10/19 17:02,0,170.75.149.138,100,437,1,9/10/19 17:02,R_1d0HVULLGTKLsYq, , , , ,33.83360291,-84.37969971,anonymous,EN,1, , , , , , , , , , , , , , , , , , , , , , , , , , , , , , , , , , , , , , , , , , , , , , , , , , , , , , , , , , , , , , , , , , , , , , , , , , , , , , , , , , ,6,7,6,6,7,7,7,7,7,7,7,7,3,7,7,7,1,2,1,2,3,2,1,3,3,2,2,3,3,1,2,1,3,4,4,4,4,5,4,4,4,18,33,32,7,37,40,39,17,31,26,30,16,15,41,21,38,8,36,14,13,20,19,5,29,10,2,25,11,28,12,3,23,22,1,35,24,9,6,34,4,27,2,35, , , , ,1, , ,1,14, ,1
9/10/19 17:01,9/10/19 17:04,0,104.173.219.243,100,172,1,9/10/19 17:04,R_2YeW4ds0YutpnkT, , , , ,34.02900696,-118.4004974,anonymous,EN,1,6,6,6,6,6,5,6,6,6,7,6,6,6,6,7,5,1,3,2,2,2,3,3,3,2,2,1,3,2,2,2,3,2,4,4,4,4,4,4,4,4,4,38,18,5,22,28,10,27,35,7,32,9,6,20,11,37,30,19,40,24,23,2,16,15,17,3,8,39,21,12,41,13,26,1,25,31,34,33,36,14,29, , , , , , , , , , , , , , , , , , , , , , , , , , , , , , , , , , , , , , , , , , , , , , , , , , , , , , , , , , , , , , , , , , , , , , , , , , , , , , , , , , ,1,31, , , , ,1, , ,1,5,1, 
9/10/19 17:01,9/10/19 17:04,0,170.10.69.4,100,145,1,9/10/19 17:04,R_yqJyJmKyFK57Epr, , , , ,38.46780396,-107.8751984,anonymous,EN,1,7,7,7,6,7,7,7,7,7,7,6,7,7,7,7,7,1,1,1,1,3,2,1,2,1,2,1,2,1,2,2,1,1,4,4,4,4,7,4,4,4,34,20,31,41,2,33,3,16,7,28,1,18,19,37,32,6,15,29,26,27,12,24,13,22,21,36,30,40,8,23,38,25,9,14,11,39,17,5,10,4,35, , , , , , , , , , , , , , , , , , , , , , , , , , , , , , , , , , , , , , , , , , , , , , , , , , , , , , , , , , , , , , , , , , , , , , , , , , , , , , , , , , ,1,27, , , , ,1, , ,1,8,1, 
9/10/19 17:02,9/10/19 17:04,0,72.65.252.103,100,106,1,9/10/19 17:04,R_2wcwWRhFhxDthZK, , , , ,40.42950439,-80.01519775,anonymous,EN,1, , , , , , , , , , , , , , , , , , , , , , , , , , , , , , , , , , , , , , , , , , , , , , , , , , , , , , , , , , , , , , , , , , , , , , , , , , , , , , , , , , ,7,7,6,6,6,7,6,6,6,6,7,7,6,6,7,6,2,2,1,1,2,1,1,5,4,1,1,2,2,2,2,1,2,4,4,4,4,4,4,4,4,20,41,16,29,26,9,23,38,14,8,4,27,17,1,3,39,33,35,40,6,32,24,11,34,18,28,21,12,10,13,5,25,15,7,31,2,22,19,37,36,30,1,33, , , ,1, , , ,1,13, ,1
9/10/19 17:02,9/10/19 17:05,0,68.9.172.118,100,157,1,9/10/19 17:05,R_2sd5e1tQA6RC1pn, , , , ,41.63380432,-71.18080139,anonymous,EN,1,7,6,5,6,7, , ,6,7,7, ,7,7,7, ,6,2,3,2, ,2,2,3,1, ,1,1,2,1,1,2,2, ,5,4,4,4,4,4,4,5,4,32,41,21,2,26,24,18,33,34,27,14,30,39,28,37,35,12,38,23,6,13,5,36,22,7,17,1,11,29,8,15,25,10,19,3,40,31,16,9,20, , , , , , , , , , , , , , , , , , , , , , , , , , , , , , , , , , , , , , , , , , , , , , , , , , , , , , , , , , , , , , , , , , , , , , , , , , , , , , , , , , ,2,36, , , , ,1, , ,1,18,1, 
9/10/19 17:04,9/10/19 17:05,0,68.185.237.159,100,65,1,9/10/19 17:05,R_1lbqhVAQVZzMQhX, , , , ,30.27909851,-89.76789856,anonymous,EN,1,4,4,5,4,4,4,4,4,4,4,4,4,4,4,4,4,1,1,4,4,4,3,1,4,4,1,1,4,1,4,2,4,2,4,4,4,4,4,4,4,4,36,2,7,18,6,25,28,15,19,27,11,10,9,22,32,41,29,20,4,34,33,26,30,13,37,8,14,5,35,23,16,39,17,21,1,40,31,3,24,38,12, , , , , , , , , , , , , , , , , , , , , , , , , , , , , , , , , , , , , , , , , , , , , , , , , , , , , , , , , , , , , , , , , , , , , , , , , , , , , , , , , , ,1,35, , , , ,1, , ,1,16,1, 
9/10/19 17:03,9/10/19 17:05,0,66.25.50.30,100,146,1,9/10/19 17:05,R_3fk4R4jG2SvHSkm, , , , ,32.85450745,-96.59909821,anonymous,EN,1,6,7,6,6,7,7,6,7,7,7,7,5,3,6,7,6,1,2,2,1,2,3,2,3,1,2,1,3,2,2,2,2,2,5,4,4,4,4,4,4,4,24,10,11,13,6,15,19,16,1,28,36,21,31,33,14,41,23,34,35,3,7,18,5,9,26,20,2,8,32,39,30,17,29,4,40,25,27,37,22,12,38, , , , , , , , , , , , , , , , , , , , , , , , , , , , , , , , , , , , , , , , , , , , , , , , , , , , , , , , , , , , , , , , , , , , , , , , , , , , , , , , , , ,2,29, , , , ,1, , ,2,12,1, 
9/10/19 17:04,9/10/19 17:06,0,24.190.45.87,100,122,1,9/10/19 17:06,R_3EngorUcOQqz8rl, , , , ,40.76570129,-72.85369873,anonymous,EN,1, , , , , , , , , , , , , , , , , , , , , , , , , , , , , , , , , , , , , , , , , , , , , , , , , , , , , , , , , , , , , , , , , , , , , , , , , , , , , , , , , , ,7,7,7,7,7,7,7,7,7,7,7,7,6,7,7,7,1,1,1,1,1,1,1,1,1,1,1,1,1,1,2,1,1,4,4,4,4,4,4,4,4,27,38,39,16,13,12,24,9,28,36,23,33,6,18,35,4,7,32,30,37,20,11,17,40,15,2,22,26,14,31,41,3,10,34,1,5,25,19,21,8,29,1,25, , , , ,1, , ,1,5, ,1
9/10/19 17:04,9/10/19 17:07,0,73.224.25.211,100,215,1,9/10/19 17:07,R_1pXQgB5naKRgwmW, , , , ,30.12229919,-81.36270142,anonymous,EN,1,5,6,5,5,5,6,6,6,7,7,6,7,6,7,7,6,1,1,2,1,1,2,2,3,1,2,1,2,1,3,2,2,1,4,4,4,4,4,4,4,4,39,2,24,13,30,40,19,33,14,26,17,32,28,4,36,35,15,20,18,12,16,29,10,25,31,6,8,37,11,1,34,23,21,5,41,22,38,3,9,7,27, , , , , , , , , , , , , , , , , , , , , , , , , , , , , , , , , , , , , , , , , , , , , , , , , , , , , , , , , , , , , , , , , , , , , , , , , , , , , , , , , , ,2,23, , , , ,1, , ,1,2,1, 
9/10/19 17:05,9/10/19 17:07,0,96.232.36.173,100,165,1,9/10/19 17:07,R_oYKbQBwoFFeCFAR, , , , ,40.62080383,-74.04260254,anonymous,EN,1, , , , , , , , , , , , , , , , , , , , , , , , , , , , , , , , , , , , , , , , , , , , , , , , , , , , , , , , , , , , , , , , , , , , , , , , , , , , , , , , , , ,6,5,6,6,6,6,6,6,5,6,6,6,6,6,7,6,1,3,3,3,3,3,2,2,2,2,1,2,2,2,2,2,2,4,4,4,4,4,4,4,4,27,17,22,1,39,23,40,6,30,16,11,15,26,14,5,32,25,31,18,19,38,9,34,37,20,8,3,28,13,41,7,21,12,4,10,24,29,33,36,2,35,2, , ,1, , , , , ,1, , ,1
9/10/19 17:03,9/10/19 17:07,0,76.185.183.214,100,263,1,9/10/19 17:07,R_3pu6b4IA2HckRmx, , , , ,29.41479492,-98.46009827,anonymous,EN,1, , , , , , , , , , , , , , , , , , , , , , , , , , , , , , , , , , , , , , , , , , , , , , , , , , , , , , , , , , , , , , , , , , , , , , , , , , , , , , , , , , ,6,6,7,7,6,6,7,6,4,6,6,6,6,6,7,5,1,2,2,2,2,4,2,2,2,1,2,3,1,2,2,2,2,6,4,5,4,4,4,4,6,24,22,7,11,12,26,23,14,34,31,33,35,9,28,17,41,10,3,32,29,13,25,39,6,15,30,18,20,27,8,38,4,1,36,40,2,37,16,19,21,5,1,38, , ,1, , , , ,1,22, ,1
9/10/19 17:05,9/10/19 17:08,0,67.80.241.79,100,148,1,9/10/19 17:08,R_1f2TORLtm9yxuLH, , , , ,40.84460449,-74.57489777,anonymous,EN,1,7,6,6,6,7,7,7,7,7,7,7,7,7,7,7,6,1,5,1,2,1,2,2,1,1,1,1,2,1,1,2,1,1,4,4,4,4,4,4,4,4,40,12,15,27,11,29,3,38,5,23,10,36,41,20,34,24,30,21,19,28,22,9,26,6,8,18,1,35,37,39,32,13,14,2,7,4,31,33,17,16,25, , , , , , , , , , , , , , , , , , , , , , , , , , , , , , , , , , , , , , , , , , , , , , , , , , , , , , , , , , , , , , , , , , , , , , , , , , , , , , , , , , ,1,38, , , , ,1, , ,1,15,1, 
9/10/19 17:05,9/10/19 17:08,0,184.61.192.209,100,168,1,9/10/19 17:08,R_1Kpvhah6UdgAgTz, , , , ,44.79969788,-89.68450165,anonymous,EN,1, , , , , , , , , , , , , , , , , , , , , , , , , , , , , , , , , , , , , , , , , , , , , , , , , , , , , , , , , , , , , , , , , , , , , , , , , , , , , , , , , , ,7,6,7,5,7,6,7,6,6,7,7,7,7,7,7,7,1,3,2,2,2,3,3,3,1,2,2,3,2,2,2,3,3,4,4,4,4,4,4,4,4,30,31,34,19,10,13,8,25,18,32,11,2,22,7,6,24,36,38,23,1,33,9,28,4,39,29,17,27,15,37,35,14,5,20,12,40,16,21,26,41,3,1,28, , , , ,1, , ,1,8, ,1
9/10/19 17:03,9/10/19 17:09,0,68.189.175.3,100,392,1,9/10/19 17:09,R_3neFLMXuwCAHLrQ, , , , ,35.58250427,-82.6115036,anonymous,EN,1,6,6,6,5,7,6,6,4,7,7,7,6,6,7,6,6,1,2,1,3,1,2,1,2,1,1,1,2,1,1,2,2,1,4,4,6,4,4,4,4,4,36,1,33,27,28,38,32,8,12,35,22,19,26,16,34,29,11,4,20,37,39,17,31,18,30,14,41,6,24,5,3,23,13,40,2,21,7,9,15,10,25, , , , , , , , , , , , , , , , , , , , , , , , , , , , , , , , , , , , , , , , , , , , , , , , , , , , , , , , , , , , , , , , , , , , , , , , , , , , , , , , , , ,1,26, , , , ,1, , ,1,2,1, 
9/10/19 17:08,9/10/19 17:10,0,68.228.91.228,100,128,1,9/10/19 17:10,R_w4Vk3tN4HGbITE5, , , , ,33.61279297,-117.6622009,anonymous,EN,1,2,7,6,5,7,6,6,6,6,6,7,6,6,6,6,6,2,3,2,2,2,3,2,2,2,2,2,2,1,2,2,2,2,4,4,4,4,4,4,4,4,37,34,2,40,38,28,4,9,15,20,24,7,17,21,1,3,33,41,5,18,16,22,32,25,30,13,12,10,26,6,23,14,36,35,39,11,31,19,29,27,8, , , , , , , , , , , , , , , , , , , , , , , , , , , , , , , , , , , , , , , , , , , , , , , , , , , , , , , , , , , , , , , , , , , , , , , , , , , , , , , , , , ,1,29, , , , ,1, , ,1,10,1, 
9/10/19 17:10,9/10/19 17:13,0,67.165.125.32,100,124,1,9/10/19 17:13,R_pJXy7PFnivbsSrf, , , , ,47.73449707,-117.4469986,anonymous,EN,1, , , , , , , , , , , , , , , , , , , , , , , , , , , , , , , , , , , , , , , , , , , , , , , , , , , , , , , , , , , , , , , , , , , , , , , , , , , , , , , , , , ,7,7,7,7,7,7,7,7,7,7,7,7,7,7,7,7,1,2,1,2,1,3,1,2,1,1,1,2,1,2,2,2,2,4,4,4,4,4,4,4,4,2,24,8,5,4,18,3,25,16,23,15,1,11,19,9,7,6,10,37,13,32,41,33,40,28,39,21,38,17,20,29,26,14,36,22,34,35,31,27,12,30,1, , , , , ,1, , ,1,13, ,1
9/10/19 17:10,9/10/19 17:13,0,174.100.239.127,100,203,1,9/10/19 17:13,R_893HnAdO58Izf57, , , , ,39.90460205,-82.97029877,anonymous,EN,1,6,6,5,5,6,6,5,5,6,6,5,6,6,6,7,5,1,2,1,2,2,3,2,3,2,2,1,3,1,1,2,2,2,4,4,4,4,4,4,4,4,20,4,33,32,8,22,35,5,21,27,11,18,9,16,23,7,28,37,1,26,29,34,19,31,24,14,40,12,39,41,2,13,38,3,15,25,6,17,30,10,36, , , , , , , , , , , , , , , , , , , , , , , , , , , , , , , , , , , , , , , , , , , , , , , , , , , , , , , , , , , , , , , , , , , , , , , , , , , , , , , , , , ,1,32, , , , ,1, , ,1,10,1, 
9/10/19 17:10,9/10/19 17:14,0,38.100.151.194,100,226,1,9/10/19 17:14,R_2q9po321s4dTHd2, , , , ,29.75450134,-95.40930176,anonymous,EN,1,7,7,7,7,7,7,7,7,6,7,7,7,7,7,7,5,1,1,1,1,1,1,1,1,1,6,1,1,1,5,2,1,1,7,7,5,7,7,5,5,4,12,34,26,39,17,24,27,37,9,33,28,10,25,11,32,2,21,1,41,7,22,35,14,19,8,3,20,38,31,30,5,23,15,18,36,40,16,4,6,13,29, , , , , , , , , , , , , , , , , , , , , , , , , , , , , , , , , , , , , , , , , , , , , , , , , , , , , , , , , , , , , , , , , , , , , , , , , , , , , , , , , , ,1,27, ,1, , , , , ,1,5,1, 
9/10/19 17:09,9/10/19 17:14,0,172.93.187.59,100,293,1,9/10/19 17:14,R_3QRWLmWKFNOnTR5, , , , ,33.95599365,-118.3887024,anonymous,EN,1, , , , , , , , , , , , , , , , , , , , , , , , , , , , , , , , , , , , , , , , , , , , , , , , , , , , , , , , , , , , , , , , , , , , , , , , , , , , , , , , , , ,6,7,7,7,7,6,6,7,6,7,7,6,6,7,6,6,6,7,6,7,7,7,6,7,6,7,6,7,7,6,2,7,6,7,7,7,6,6,7,6,7,38,29,39,35,22,25,23,26,13,17,3,37,30,28,32,34,11,41,18,1,31,14,9,8,40,5,27,24,21,7,10,6,4,15,36,33,2,20,19,16,12,2,35, , , , ,1, , ,1,6, ,1
9/10/19 17:11,9/10/19 17:14,0,142.197.71.197,100,156,1,9/10/19 17:14,R_tKUSEEje8wnGdFv, , , , ,29.16000366,-81.02690125,anonymous,EN,1,7,7,7,7,7,7,7,7,7,7,7,7,7,7,7,7,1,2,1,1,1,2,2,1,1,1,1,2,1,1,2,1,1,4,4,4,4,4,4,4,4,22,23,16,28,7,37,15,2,36,18,6,27,38,33,40,8,41,29,34,32,9,30,26,21,20,5,12,17,10,39,1,19,31,11,25,14,24,3,35,4,13, , , , , , , , , , , , , , , , , , , , , , , , , , , , , , , , , , , , , , , , , , , , , , , , , , , , , , , , , , , , , , , , , , , , , , , , , , , , , , , , , , ,2,40, , , , ,1, , ,1,20,1, 
9/10/19 17:12,9/10/19 17:15,0,74.131.232.16,100,193,1,9/10/19 17:15,R_1IaQmwgSghFqFFC, , , , ,38.35249329,-87.56909943,anonymous,EN,1,7,7,7,6,7,6,6,6,6,7,7,6,5,6,7,7,1,1,1,1,2,2,2,2,1,1,1,2,1,1,2,1,2,4,4,4,4,4,4,4,4,15,21,39,22,13,20,6,16,3,35,17,27,32,24,28,37,12,23,1,5,10,2,8,26,40,33,9,4,41,30,18,29,11,36,38,7,25,14,19,34,31, , , , , , , , , , , , , , , , , , , , , , , , , , , , , , , , , , , , , , , , , , , , , , , , , , , , , , , , , , , , , , , , , , , , , , , , , , , , , , , , , , ,2,28, , , , ,1, , ,1,12,1, 
9/10/19 17:11,9/10/19 17:15,0,196.247.50.60,100,226,1,9/10/19 17:15,R_2RQv5MHFSxoQMQD, , , , ,33.7552948,-84.38860321,anonymous,EN,1, , , , , , , , , , , , , , , , , , , , , , , , , , , , , , , , , , , , , , , , , , , , , , , , , , , , , , , , , , , , , , , , , , , , , , , , , , , , , , , , , , ,4,5,4,4,3,3,5,3,4,4,5,4,5,4,2,5,4,5,4,4,5,3,4,3,5,4,3,3,3,3,2,3,5,3,5,5,3,5,3,3,3,9,7,32,39,38,15,22,20,23,18,3,37,10,40,17,29,34,4,30,28,24,2,26,1,33,19,5,16,27,35,41,12,36,11,25,6,13,21,14,31,8,2,45, , , , ,1, , ,1,8, ,1
9/10/19 17:11,9/10/19 17:16,0,50.108.97.11,100,302,1,9/10/19 17:16,R_2Ya07gn0NZfnKYL, , , , ,41.99099731,-86.1167984,anonymous,EN,1,7,7,7,7,7,7,7,7,7,7,7,7,7,7,7,7,1,2,1,2,3,2,1,1,1,2,1,1,2,1,2,1,1,4,4,4,6,4,4,4,7,39,40,13,24,32,33,28,31,37,7,22,34,1,21,26,27,25,3,15,29,18,17,35,30,19,38,9,11,10,4,8,14,5,6,23,36,20,41,12,16,2, , , , , , , , , , , , , , , , , , , , , , , , , , , , , , , , , , , , , , , , , , , , , , , , , , , , , , , , , , , , , , , , , , , , , , , , , , , , , , , , , , ,2,50, , , , ,1, , ,1,31,1, 
9/10/19 17:15,9/10/19 17:18,0,71.146.161.107,100,163,1,9/10/19 17:18,R_3lFeUiozwrKOitT, , , , ,30.67979431,-88.29139709,anonymous,EN,1, , , , , , , , , , , , , , , , , , , , , , , , , , , , , , , , , , , , , , , , , , , , , , , , , , , , , , , , , , , , , , , , , , , , , , , , , , , , , , , , , , ,7,7,7,7,7,7,7,7,7,7,7,7,7,7,7,7,1,1,1,2,2,3,3,1,1,2,1,2,1,2,2,2,1,4,4,4,4,4,4,4,4,33,1,2,30,15,31,13,9,40,3,39,32,37,10,38,34,25,24,26,20,19,22,35,12,14,29,6,11,4,8,23,18,7,36,17,16,41,27,28,5,21,2,41,1, , , ,1, , ,1,21, ,1
9/10/19 17:16,9/10/19 17:19,0,173.216.27.82,100,203,1,9/10/19 17:19,R_enWmuLIAuXH0bTj, , , , ,34.95320129,-91.90039825,anonymous,EN,1, , , , , , , , , , , , , , , , , , , , , , , , , , , , , , , , , , , , , , , , , , , , , , , , , , , , , , , , , , , , , , , , , , , , , , , , , , , , , , , , , , ,7,6,7,6,7,7,7,7,7,7,7,7,7,7,7,7,1,2,2,2,2,2,3,2,2,1,1,2,1,2,2,7,2,4,4,4,4,5,4,5,5,4,40,2,38,30,14,23,15,32,25,28,1,29,7,17,16,21,19,20,9,27,26,34,33,39,5,31,18,10,35,37,6,36,12,41,13,24,8,3,22,11,1,31, , , , ,1, , ,2,2, ,1
9/10/19 17:16,9/10/19 17:20,0,45.4.199.241,100,222,1,9/10/19 17:20,R_PZYmDJjqXW4RNzb, , , , ,40.75030518,-74.00140381,anonymous,EN,1,5,5,6,6,5,6,5,5,6,5, ,5,6,5,6,6,6,5,5,5,4,6,5,6,6,6,5,6,5,5,6,6,6,5,6,5,4,6,4,5,6,34,3,5,39,30,18,20,21,31,9,40,14,26,17,25,12,8,2,27,10,28,15,24,11,33,29,38,19,23,37,4,36,22,16,6,35,13,32,7,41,1, , , , , , , , , , , , , , , , , , , , , , , , , , , , , , , , , , , , , , , , , , , , , , , , , , , , , , , , , , , , , , , , , , , , , , , , , , , , , , , , , , ,1,27, , , , ,1, , ,1,7,1, 
9/10/19 17:18,9/10/19 17:20,0,184.98.240.9,100,150,1,9/10/19 17:20,R_1JKNB4Zc1ePwkuJ, , , , ,33.3321991,-111.9942017,anonymous,EN,1,7,7,7,7,7,7,7,7,7,7,7,7,7,7,7,7,1,5,1,1,2,3,1,2,1,1,1,1,1,1,2,1,1,4,4,4,4,4,4,4,4,28,3,14,33,40,10,39,5,4,24,32,8,16,2,30,34,23,31,36,38,26,29,41,22,35,17,19,7,25,6,11,12,18,20,9,27,1,37,15,13,21, , , , , , , , , , , , , , , , , , , , , , , , , , , , , , , , , , , , , , , , , , , , , , , , , , , , , , , , , , , , , , , , , , , , , , , , , , , , , , , , , , ,1,37, , , , ,1, , ,1,23,1, 
9/10/19 17:19,9/10/19 17:21,0,71.227.164.109,100,136,1,9/10/19 17:21,R_3IbEjj2LmNknKQ3, , , , ,47.31210327,-122.3661041,anonymous,EN,1, , , , , , , , , , , , , , , , , , , , , , , , , , , , , , , , , , , , , , , , , , , , , , , , , , , , , , , , , , , , , , , , , , , , , , , , , , , , , , , , , , ,7,6,6,7,7,6,6,7,7,7,7,7,6,7,7,6,1,2,2,1,6,2,2,1,2,1,1,2,1,1,2,2,2,7,7,7,7,7,7,7,7,29,37,40,26,6,30,17,10,20,11,3,15,38,18,35,22,31,21,36,1,33,8,41,19,12,14,39,9,2,23,13,4,5,25,7,32,24,28,16,27,34,1,55, , , , ,1, , ,1,35, ,1
9/10/19 17:20,9/10/19 17:21,0,162.231.57.35,100,87,1,9/10/19 17:21,R_6mnD5DidlAUnQY1, , , , ,32.74049377,-117.0934982,anonymous,EN,1, , , , , , , , , , , , , , , , , , , , , , , , , , , , , , , , , , , , , , , , , , , , , , , , , , , , , , , , , , , , , , , , , , , , , , , , , , , , , , , , , , ,7,7,7,7,7,7,7,7,7,7,7,7,6,7,7,5,1,2,1,1,2,2,2,1,1,1,1,3,1,1,2,2,1,7,7,7,7,7,7,7,7,7,27,39,30,3,32,2,34,35,5,10,38,40,14,15,36,1,6,16,31,23,24,25,18,26,37,22,8,13,19,41,28,17,12,29,4,11,21,33,20,9,1,35, , , , ,1, , ,1,10, ,1
9/10/19 17:20,9/10/19 17:21,0,75.74.124.10,100,81,1,9/10/19 17:21,R_269f1qVHdaWxrXu, , , , ,25.78460693,-80.23300171,anonymous,EN,1, , , , , , , , , , , , , , , , , , , , , , , , , , , , , , , , , , , , , , , , , , , , , , , , , , , , , , , , , , , , , , , , , , , , , , , , , , , , , , , , , , ,4,4,7,6,5,5,6,6,5,6,6,4,5,6,5,6,6,6,5,4,7,5,5,7,6,5,6,6,5,6,4,4,6,7,7,4,5,5,6,5,7,31,30,4,11,32,8,9,28,2,3,18,20,37,26,29,16,40,33,10,1,17,23,15,27,5,24,36,13,19,22,25,7,35,41,12,38,14,6,21,39,34,1,25, , , , ,1, , ,1,8, ,1
9/10/19 17:19,9/10/19 17:22,0,23.111.188.5,100,195,1,9/10/19 17:22,R_30od413qeyLwGfV, , , , ,27.89300537,-82.50740051,anonymous,EN,1,6,6,6,6,6,6,7,6,6,6,7,7,6,7,7,6,2,2,2,2,2,2,2,2,1,2,2,2,2,2,2,2,2,4,4,4,4,4,4,4,4,33,28,26,24,23,41,5,32,40,19,31,8,36,4,7,39,12,6,18,16,34,29,35,27,15,38,17,25,3,9,1,11,22,37,30,10,21,14,20,2,13, , , , , , , , , , , , , , , , , , , , , , , , , , , , , , , , , , , , , , , , , , , , , , , , , , , , , , , , , , , , , , , , , , , , , , , , , , , , , , , , , , ,1,29, , , ,1, , , ,1,3,1, 
9/10/19 17:21,9/10/19 17:23,0,97.87.152.14,100,122,1,9/10/19 17:23,R_paOmhAbY8hUhZrb, , , , ,38.76300049,-90.54740143,anonymous,EN,1,3,3,5,4,6,3,3,6,3,4,3,3,3,7,4,5,4,4,3,3,4,4,4,4,7,5,4,7,3,6,2,4,2,3,5,3,5,3,7,5,5,40,29,4,31,18,21,26,11,28,27,9,23,17,37,12,3,5,34,35,33,14,19,10,16,22,15,2,36,20,41,8,13,24,38,32,6,7,30,39,25,1, , , , , , , , , , , , , , , , , , , , , , , , , , , , , , , , , , , , , , , , , , , , , , , , , , , , , , , , , , , , , , , , , , , , , , , , , , , , , , , , , , ,1,25, , , ,1, , , , ,2,1, 
9/10/19 17:21,9/10/19 17:24,0,76.102.253.60,100,135,1,9/10/19 17:24,R_AmLXxuX7sz3dYeB, , , , ,37.92849731,-121.6880951,anonymous,EN,1, , , , , , , , , , , , , , , , , , , , , , , , , , , , , , , , , , , , , , , , , , , , , , , , , , , , , , , , , , , , , , , , , , , , , , , , , , , , , , , , , , ,6,5,6,6,6,6,6,5, ,6,6,6,6,6,6,6,2,2,1,2,3,3,2,2,2,2,2,2,2,2,2,3,2,4,4,6,6,5,4,4,6,25,12,22,17,29,1,36,6,8,16,23,21,20,9,3,26,37,5,10,38,33,27,4,41,11,35,39,13,14,15,30,34,19,40,31,2,18,7,28,32,24,1,30, , , , ,1, , ,1,12, ,1
9/10/19 17:21,9/10/19 17:25,0,70.16.197.21,100,230,1,9/10/19 17:25,R_2QtYLL2EJTokUvx, , , , ,43.6842041,-70.28160095,anonymous,EN,1,4,3,5,5,4,3,5,5,5,5,3,3,4,5,3,5,5,4,5,5,3,5,4,5,3,4,4,6,3,5,2,5,5,4,4,4,4,3,5,4,4,16,11,15,23,14,30,5,20,27,34,17,41,12,29,18,1,33,6,31,26,28,4,10,38,25,21,32,36,40,39,19,22,9,24,13,37,3,35,2,7,8, , , , , , , , , , , , , , , , , , , , , , , , , , , , , , , , , , , , , , , , , , , , , , , , , , , , , , , , , , , , , , , , , , , , , , , , , , , , , , , , , , ,1,25, , , , ,1, , ,3,2,1, 
9/10/19 17:23,9/10/19 17:26,0,67.247.209.64,100,224,1,9/10/19 17:26,R_3IS8baSnrX48jxC, , , , ,42.83540344,-78.75730133,anonymous,EN,1,7,5,5,5,7,6,7,6,6,6,6,6,6,7,7,6,3,3,1,3,1,3,2,3,1,2,1,3,1,2,2,2,2,4,4,4,4,4,4,4,4,23,27,17,16,13,6,14,11,28,22,35,8,19,39,29,36,38,33,5,15,32,37,1,41,30,40,4,26,34,3,10,20,21,12,2,31,7,24,25,18,9, , , , , , , , , , , , , , , , , , , , , , , , , , , , , , , , , , , , , , , , , , , , , , , , , , , , , , , , , , , , , , , , , , , , , , , , , , , , , , , , , , ,1,34, , , , ,1, , ,1,8,1, 
9/10/19 17:26,9/10/19 17:28,0,76.77.45.140,100,106,1,9/10/19 17:28,R_1Kxx7uJnU6yn1rl, , , , ,37.54789734,-79.71230316,anonymous,EN,1, , , , , , , , , , , , , , , , , , , , , , , , , , , , , , , , , , , , , , , , , , , , , , , , , , , , , , , , , , , , , , , , , , , , , , , , , , , , , , , , , , ,6,6,6,5,6,6,6,6,7,6,6,6,6,6,7,7,1,2,2,3,2,2,2,2,2,2,2,2,6,2,2,1,2,4,4,5,4,4,5,5,2,31,13,22,8,10,33,7,4,23,26,28,24,12,41,32,11,40,17,21,29,20,34,5,30,9,38,3,25,18,14,15,39,37,16,35,1,27,36,2,6,19,2,26, , , , ,1, , , ,3, ,1
9/10/19 17:22,9/10/19 17:29,0,67.11.106.252,100,384,1,9/10/19 17:29,R_3GwVyJhd7SYkt4y, , , , ,29.65840149,-98.498703,anonymous,EN,1,6,6,5,5,6,5,6,6,5,6,6,6,6,7,6,5,1,2,1,1,2,3,3,2,2,2,1,3,2,2,2,2,2,4,4,4,4,4,4,4,4,12,13,34,17,27,22,15,2,26,21,29,9,1,8,38,35,24,4,40,3,25,14,30,20,19,33,23,37,31,16,6,32,7,18,39,36,11,41,5,28,10, , , , , , , , , , , , , , , , , , , , , , , , , , , , , , , , , , , , , , , , , , , , , , , , , , , , , , , , , , , , , , , , , , , , , , , , , , , , , , , , , , ,2,34, , , , ,1, , ,1,11,1, 
9/10/19 17:24,9/10/19 17:29,0,71.15.41.172,100,307,1,9/10/19 17:29,R_3ExPLR0WsnmU1WR, , , , ,30.27259827,-89.72899628,anonymous,EN,1, , , , , , , , , , , , , , , , , , , , , , , , , , , , , , , , , , , , , , , , , , , , , , , , , , , , , , , , , , , , , , , , , , , , , , , , , , , , , , , , , , ,6,6,7,6,7,7,6,7,7,7,7,6,6,6,7,7,1,2,2,2,2,2,2,3,2,1,1,2,2,2,2,2,2,4,4,4,4,4,4,4,5,13,40,9,32,21,10,31,1,20,19,38,28,7,22,24,30,29,23,12,11,25,6,4,27,14,26,34,36,3,37,17,33,39,35,2,16,18,41,8,15,5,2,35, , , , ,1, , ,1,16, ,1
9/10/19 17:29,9/10/19 17:33,0,23.237.16.27,100,262,1,9/10/19 17:33,R_28LGk8NWMXGHg4n, , , , ,39.64199829,-104.8957977,anonymous,EN,1, , , , , , , , , , , , , , , , , , , , , , , , , , , , , , , , , , , , , , , , , , , , , , , , , , , , , , , , , , , , , , , , , , , , , , , , , , , , , , , , , , ,5,3,6,5,4,5,4,4,6,6,5,5,5,4,4,4,6,5,5,6,3,6,5,4,5,4,5,5,6,5,2,5,5,4,4,6,5,5,6,5,3,18,31,8,14,4,24,3,27,7,35,9,28,41,25,38,40,15,5,20,36,26,19,21,10,16,11,6,1,13,12,30,23,37,2,32,34,33,39,17,22,29,2,31, , , , ,1, , ,2,5, ,1
9/10/19 17:30,9/10/19 17:34,0,76.125.244.14,100,209,1,9/10/19 17:34,R_3ELTQ3vdg48kPnz, , , , ,40.3052063,-79.54180145,anonymous,EN,1,5,6,6,6,7,6,5,7,7,6,6,6,6,6,7,6,1,2,1,3,2,2,1,2,2,1,1,2,1,2,2,1,2,4,4,4,4,4,4,4,4,33,8,24,10,35,15,30,7,3,20,17,32,4,23,25,26,11,19,9,41,39,12,34,40,37,38,21,22,18,29,1,31,14,5,16,27,36,13,2,6,28, , , , , , , , , , , , , , , , , , , , , , , , , , , , , , , , , , , , , , , , , , , , , , , , , , , , , , , , , , , , , , , , , , , , , , , , , , , , , , , , , , ,2,25, , , , ,1, , ,1,6,1, 
9/10/19 17:42,9/10/19 17:44,0,45.56.161.101,100,125,1,9/10/19 17:44,R_WfzGuyUdve8jw1X, , , , ,40.75920105,-111.8874969,anonymous,EN,1, , , , , , , , , , , , , , , , , , , , , , , , , , , , , , , , , , , , , , , , , , , , , , , , , , , , , , , , , , , , , , , , , , , , , , , , , , , , , , , , , , , , , , , , , , ,5, ,5,5,5, , , , ,5, ,6, , ,6, , , , , , , , , , ,4, , , , , , , ,35,25,5,11,10,21,4,15,13,40,6,7,19,32,27,22,14,2,24,20,33,30,9,41,12,1,8,38,16,28,31,37,39,26,18,29,34,17,3,23,36,1,36, , , , ,1, , ,1,6, ,1
9/10/19 17:42,9/10/19 17:45,0,73.110.46.111,100,163,1,9/10/19 17:45,R_2tKbb7SQe5b5711, , , , ,41.88830566,-87.76129913,anonymous,EN,1,6,6,6,6,6,7,6,5,6,7,7,6,6,7,6,6,1,2,2,2,2,3,1,2,3,2,1,2,1,3,2,3,2,4,4,4,4,4,4,4,4,12,14,31,22,30,32,3,7,26,40,6,4,11,2,37,13,8,16,38,33,9,21,5,18,35,15,27,28,17,10,34,20,1,24,41,23,25,36,19,39,29, , , , , , , , , , , , , , , , , , , , , , , , , , , , , , , , , , , , , , , , , , , , , , , , , , , , , , , , , , , , , , , , , , , , , , , , , , , , , , , , , , ,1,34, , , , ,1, , ,1,11,1, 
9/10/19 17:43,9/10/19 17:45,0,70.165.78.247,100,150,1,9/10/19 17:45,R_sSyQ4AEE0IZq7jH, , , , ,36.73480225,-76.23429871,anonymous,EN,1, , , , , , , , , , , , , , , , , , , , , , , , , , , , , , , , , , , , , , , , , , , , , , , , , , , , , , , , , , , , , , , , , , , , , , , , , , , , , , , , , , ,6,7,7,6,6,7,6,6,6,7,7,6,6,7,7,7,1,5,1,2,2,2,3,3,1,2,1,3,2,2,2,3,2,4,4,4,4,4,4,4,6,2,1,8,7,13,16,20,34,35,21,19,36,41,38,22,6,29,9,11,32,25,24,31,14,15,17,4,12,37,30,27,5,18,40,39,33,26,10,23,28,3,2,36, ,1, , , , , ,1,18, ,1
9/10/19 17:55,9/10/19 17:57,0,72.17.88.64,100,167,1,9/10/19 17:57,R_2eakySjG43IWNQp, , , , ,28.62249756,-81.43170166,anonymous,EN,1,5,6,6,5,6,6,7,6,6,5,7,6,6,5,5,5,6,5, ,6,6,6,5,6,6,5,6,6,6,7,2,5,6,5, ,5,6,6,6,6,5,1,8,10,30,39,11,37,19,33,5,40,3,20,18,12,14,21,4,23,31,32,25,24,38,13,28,26,15,27,36,7,9,29,35,2,17,41,16,34,22,6, , , , , , , , , , , , , , , , , , , , , , , , , , , , , , , , , , , , , , , , , , , , , , , , , , , , , , , , , , , , , , , , , , , , , , , , , , , , , , , , , , ,2, , , , , ,1, , ,1,15,1, 
9/10/19 18:16,9/10/19 18:18,0,24.104.229.198,100,123,1,9/10/19 18:18,R_3mmIqlFq2FXO5Rn, , , , ,40.69940186,-73.88829803,anonymous,EN,1, , , , , , , , , , , , , , , , , , , , , , , , , , , , , , , , , , , , , , , , , , , , , , , , , , , , , , , , , , , , , , , , , , , , , , , , , , , , , , , , , , ,5,5,5,6,7,7,6,5,6,7,5,6,6,7,6,6,1,1,2,2,3,3,3,2,1,3,1,3,2,2,2,1,2,4,4,4,4,4,4,4,4,18,21,24,6,36,13,33,22,27,25,31,28,17,11,32,12,26,4,23,8,35,38,14,2,41,20,40,39,10,37,5,30,29,3,15,19,9,1,16,7,34,2,36, , , , ,1, , ,2,20, ,1
9/10/19 17:22,9/10/19 18:36,0,97.73.84.81,100,4464,1,9/10/19 18:36,R_3QLAVECQRXyPBLH, , , , ,37.75100708,-97.8219986,anonymous,EN,1,7,6,6,6,6,7,7,6,6,7,6,7,6,6,7,6,1,1,2,2,1,2,3,3,1,2,1,2,1,1,2,2,2,4,4,4,4,4,4,4,4,22,9,31,1,36,34,32,40,30,33,38,19,16,8,15,25,21,12,3,14,6,39,29,11,37,27,28,26,23,5,7,20,4,41,24,2,17,18,35,13,10, , , , , , , , , , , , , , , , , , , , , , , , , , , , , , , , , , , , , , , , , , , , , , , , , , , , , , , , , , , , , , , , , , , , , , , , , , , , , , , , , , ,2,35, , , ,1, , , ,1,4,1, 